문제,정답,해설
"사람이 현존하는 건조물을 방화하는 집단행위의 과정에서 일부 집단원이 고의행위로 상해를 가한 경우에도 다른 집단원에게 그 상해의 결과가 예견가능한 것이었다면, 다른 집단원도 그 결과에 대하여 현존건조물방화치상죄의 책임을 진다.",O,
결과적 가중범의 공동정범은 기본행위를 공동으로 할 의사가 있으면 성립하고 결과를 공동으로 할 의사는 필요 없다.,O,
"부진정 결과적 가중범에 있어서, 고의로 중한 결과를 발생하게 한 행위가 별도의 구성요건에 해당하고 그 고의범에 대하여 결과적 가중범에 정한 형보다 더 무겁게 처벌하는 규정이 있는 경우에는 그 고의범과 결과적 가중범은 상상적 경합 관계에 있다.",O,
"교사자가 피교사자에 대하여 중상해를 교사하였는데 피교사자가 이를 넘어 살인을 실행한 경우, 교사자에게 피해자의 사망이라는 결과에 대하여 예견가능성이 있는 때에는 상해치사죄의 교사범으로서의 죄책을 지울 수 있다.",O,
적법하게 직무를 집행하는 공무원에 대하여 위험한 물건을 휴대하여 고의로 상해를 가한 경우에는 특수공무집행방해치상죄가 성립한다.,O,
"甲이 위험한 물건인 전기충격기를 사용하여 A에 대한 강간을 시도하다가 미수에 그쳤다 하더라도 그로 인하여 A에게 약 2주간의 치료를 요하는 안면부 좌상 등 치상의 결과를 초래하였다면, 甲에게는 ｢성폭력범죄의 처벌 등에 관한 특례법｣ 위반의 특수강간치상죄의 기수가 성립한다.",O,
"甲이 소송비용을 편취할 의사로 소송비용의 지급을 구하는 손해배상청구의 소를 제기하였다가 담당 판사로부터 소송비용의 확정은 소송비용액 확정절차를 통하여 하라는 권유를 받고 위 소를 취하하였다면, 甲에게는 소송사기죄의 불능미수범이 성립한다.",X,
"甲이 장롱 안에 있는 옷가지에 불을 놓아 사람이 주거로 사용하는 건물을 불태우려 하였으나 불길이 치솟는 것을 보고 겁이 나서 물을 부어 불을 끈 것이라면, 자의에 의한 현주건조물방화죄의 중지미수가 성립하지 않는다.",O,
"甲이 A로부터 위탁받아 식재·관리하여 오던 나무들을 A 모르게 제3자에게 매도하는 계약을 체결하고 그 제3자로부터 계약금을 수령한 상태에서 A에게 적발되어 위 계약이 더 이행되지 아니하고 무위로 그쳤다면, 甲에게는 횡령미수죄가 성립한다.",O,2011도9113.
"甲이 주간에 재물을 절취할 목적으로 A가 운영하는 주점에 이르러 주점의 잠금장치를 뜯고 침입하여 주점 내 진열장에 있던 양주 45병을 바구니 3개에 담고 있던 중, A가 주점으로 들어오는 소리를 듣고서 담고 있던 양주들을 그대로 둔 채 출입문을 열고 나오다가 A에게 붙잡히자 체포를 면탈할 목적으로 A를 폭행하였다면, 甲에게는 준강도미수죄가 성립한다.",O,
"甲과 乙이 교통사고를 가장하여 보험금을 편취할 것을 공모한 후 乙의 승낙을 받은 甲이 乙에게 상해를 가한 경우, 乙의 승낙이 위법한 목적에 이용하기 위한 것이었다고 할지라도 甲의 행위는 상해죄의 위법성이 조각된다.",X,
"사채업자 甲이 채무자 A에게 채무를 변제하지 않으면 A가 숨기고 싶어하는 과거 행적과 사채를 쓴 사실 등을 남편과 시댁에 알리겠다는 등의 문자메시지를 발송한 경우, 甲의 행위는 사회통념상 용인되는 범위를 넘지 않는 것이어서 협박죄가 성립하지 않는다.",X,
"A와 B가 차량 통행 문제로 다투던 중에 A가 차를 몰고 대문 안으로 운전해 들어가려 하자 B가 양팔을 벌리고 제지하였음에도 A가 차를 약 3미터 가량 B의 앞쪽으로 급진시키자, 이때 그 차 운전석 옆에 서 있던 B의 아들 甲이 B를 구하려고 차를 정지시키기 위하여 운전석 옆 창문을 통해 A의 머리카락을 잡아당겨 A의 흉부가 차의 창문틀에 부딪혀 약간의 상처를 입게 하였다면, 甲의 행위는 정당방위에 해당한다.",O,86도1091.
"임대인의 승낙 없이 건물을 전차한 전차인은 비록 불법 침탈 등의 방법에 의하여 건물의 점유를 개시한 것이 아니고 그동안 평온하게 음식점 영업을 하면서 점유를 계속하여 왔더라도 그 전대차로써 임대인에게 대항할 수 없기 때문에, 임대인이 그 건물의 열쇠를 새로 만들어 잠근 행위는 업무방해죄의 위법성을 조각하는 자구행위에 해당한다.",X,"양희관등이 임대인인 피고인의 승낙없이 윤순이나 윤옥림으로부터 이 사건 지하실을 전차하였기 때문에 그 전대차로써 임대인인 피고인에게 대항할 수 없다고 하더라도 위 양희관 등이 불법침탈 등의 방법에 의하여 위 지하실의 점유를 개시한 것이 아니고 그동안 평온하게 음식점영업을 하면서 점유를 계속하여온 이상 동인들의 업무를 업무방해죄에 의하여 보호받지 못하는 권리라고 단정할 수 없고 피고인으로서는 마땅히 정당한 소송절차에 의하여 점유를 회복하여야 하고 위력으로 그 권리를 행사할 수 없다고 할 것이므로 피고인이 그 지하층의 열쇠를 새로 만들어 잠그고 박광식으로 하여금 그곳에 설치되어 있는 피해자 양희관등 소유의 의자, 탁자 등을 들어내게 한 행위는 결코 사회상규에 위배되지 않는 정당한 행위이거나 자구행위에 해당한다고 볼 수 없다고 한 원심판단은 정당하고, 소론과 같은 법리오해 또는 이유불비의 위법이 없으며 소론 판례는 이 사건에 적절한 것이 못된다(86도1372)."
"싸움의 상황에서 상대방의 공격을 피하기 위하여 소극적으로 방어를 하던 도중 그 상대방을 상해 또는 사망에 이르게 한 경우라 하더라도, 이는 사회통념상 허용될 만한 상당성이 있는 정당행위라고 할 수 없다.",X,
기자를 통해 사실을 적시하는 경우 기자가 취재를 한 상태에서 아직 기사화하여 보도하지 아니한 때에는 전파가능성이 없어 명예훼손죄의 요건인 공연성이 인정되지 않는다.,O,
개인블로그의 비공개 대화방에서 1:1로 대화하였다면 명예훼손죄의 요건인 공연성이 인정되지 않는다.,X,
명예훼손죄는 구체적 위험범이므로 불특정 또는 다수인이 적시된 사실을 실제 인식한 경우에 명예가 훼손된 것이다.,X,명예훼손죄는 추상적 위험범으로 불특정 또는 다수인이 적시된 사실을 실제 인식하지 못하였다고 하더라도 인식할 수 있는 상태에 놓인 것으로도 명예가 훼손된 것으로 보아야 한다(2015도15619)
정보통신망을 통하여 타인의 명예를 훼손하는 글을 게시하였으나 적시된 사실이 진실이고 공공의 이익에 관한 것이어서 비방의 목적이 인정되지 않는 경우에는 ｢형법｣ 제310조(위법성의 조각)가 적용된다.,O,
행위자의 주요한 동기 내지 목적이 공공의 이익을 위한 것이라도 부수적으로 다른 사익적 목적이나 동기가 내포되어 있는 때에는 ｢형법｣ 제310조(위법성의 조각)의 적용이 배제된다.,X,
"배임수재자가 배임증재자로부터 부정한 청탁으로 받은 재물을 그대로 가지고 있다가 증재자에게 반환하였더라도, 이미 기수에 이른 범죄 수익에 불과한 그 재물에 대한 몰수나 가액의 추징은 배임수재자를 대상으로 하여야 한다.",X,
배임수재죄에서 타인의 업무를 처리하는 자에게 공여한 금품에 부정한 청탁의 대가로서의 성질과 그 외의 행위에 대한 사례로서의 성질이 불가분적으로 결합되어 있는 경우에는 그 전부가 불가분적으로 부정한 청탁의 대가로서의 성질을 갖는 것으로 보아야 한다.,O,2015도3080.
"배임수재죄는 타인의 사무를 처리하는 자가 그 임무에 관하여 부정한 청탁을 받고 재물 또는 재산상의 이익을 취득한 경우는 물론, 제3자로 하여금 이를 취득하게 한 때에도 성립한다.",O,
"타인의 사무를 처리하는 자가 증재자로부터 돈이 입금된 계좌의 예금을 인출할 수 있는 현금카드를 교부받아 이를 소지하면서 언제든지 위 현금카드를 이용하여 예금된 돈을 인출할 수 있다면, 예금된 돈을 재물로 취득한 것으로 보아야 한다.",O,
"공동의 사기 범행으로 인하여 얻은 돈을 공범자끼리 수수한 행위가 공동정범들 사이의 그 범행에 의하여 취득한 돈이나 재산상 이익의 내부적인 분배행위에 지나지 않는 것이라면, 공범자끼리 내부적으로 그 돈을 수수하는 행위가 따로 배임수증재죄를 구성한다고 볼 수 없다.",O,
공무원이 아닌 사람이 공무원과 공동가공의 의사와 이를 기초로 한 기능적 행위지배를 통하여 공무원의 직무에 관하여 뇌물을 수수하는 범죄를 실행하였다 하더라도 공무원이 아닌 사람은 뇌물수수죄의 공동정범이 될 수 없다.,X,신분관계가 없는 사람이 신분관계로 인하여 성립될 범죄에 가공한 경우에는 신분관계가 있는 사람과 공범이 성립한다(형법 제33조 본문 참조). 이 경우 신분관계가 없는 사람에게 공동가공의 의사와 이에 기초한 기능적 행위지배를 통한 범죄의 실행이라는 주관적·객관적 요건이 충족되면 공동정범으로 처벌한다. 공동가공의 의사는 공동의 의사로 특정한 범죄행위를 하기 위하여 일체가 되어 서로 다른 사람의 행위를 이용하여 자기의 의사를 실행에 옮기는 것을 내용으로 한다. 따라서 공무원이 아닌 사람(이하 ‘비공무원’이라 한다)이 공무원과 공동가공의 의사와 이를 기초로 한 기능적 행위지배를 통하여 공무원의 직무에 관하여 뇌물을 수수하는 범죄를 실행하였다면 공무원이 직접 뇌물을 받은 것과 동일하게 평가할 수 있으므로 공무원과 비공무원에게 형법 제129조 제1항에서 정한 뇌물수수죄의 공동정범이 성립한다(2018도13792).
"모해의 목적을 가진 甲이 모해의 목적이 없는 乙에게 위증을 교사하여 乙이 위증죄를 범한 경우, 공범종속성에 따라 甲에게는 모해위증교사죄가 성립할 수 없다.",X,
"공문서 작성권자의 직무를 보조하는 공무원이 그 직위를 이용하여 행사할 목적으로 허위내용의 공문서의 초안을 작성한 후 문서에 기재된 내용의 허위사실을 모르는 작성권자에게 제출하여 결재하도록 하는 방법으로 작성권자로 하여금 허위의 공문서를 작성하게 한 경우, 그 보조공무원에게는 허위공문서작성죄의 간접정범이 성립하지 않는다.",X,"공문서의 작성권한이 있는 공무원의 직무를 보좌하는 자가 그 직위를 이용하여 행사할 목적으로 허위의 내용이 기재된 문서 초안을 그 정을 모르는 상사에게 제출하여 결재하도록 하는 등의 방법으로 작성권한이 있는 공무원으로 하여금 허위의 공문서를 작성하게 한 경우에는 간접정범이 성립되고 이와 공모한 자 역시 그 간접정범의 공범으로서의 죄책을 면할 수 없는 것이고, 여기서 말하는 공범은 반드시 공무원의 신분이 있는 자로 한정되는 것은 아니라고 할 것이다(91도2837)."
"비신분자가 업무상 타인의 사무를 처리하는 자의 배임행위를 교사한 경우, 그 비신분자는 타인의 사무처리자에 해당하지 않으므로 업무상배임죄의 교사범이 성립하지 않는다.",X,
"벌금 이상의 형에 해당하는 죄를 범한 甲이 자신의 동거가족 乙에게 자신을 도피시켜 달라고 교사한 경우, 乙이 甲과의 신분관계로 인해 범인도피죄로 처벌될 수 없다 하더라도 甲에게는 범인도피죄의 교사범이 성립한다.",O,
일정 기간 내에 잘못된 상태를 바로잡으라는 행정청의 지시를 이행하지 않았다는 것을 구성요건으로 하는 범죄는 진정부작위범으로서 그 의무이행기간의 경과에 의하여 범행이 기수에 이른 것이다.,O,
"형법상 방조는 작위에 의하여 정범의 실행행위를 용이하게 하는 경우는 물론, 직무상의 의무가 있는 자가 정범의 범죄행위를 인식하면서도 그것을 방지하여야 할 제반조치를 취하지 아니하는 부작위로 인하여 정범의 실행행위를 용이하게 하는 경우에도 성립한다.",O,
사기죄에서 부작위에 의한 기망은 법률상 고지의무 있는 자가 일정한 사실에 관하여 상대방이 착오에 빠져 있음을 알면서도 이를 고지하지 않는 것을 말한다.,O,
"부진정 부작위범의 작위의무는 법령, 법률행위, 선행행위로 인한 경우는 물론, 사회상규 혹은 조리상 작위의무가 기대되는 경우에도 인정된다.",O,
"甲이 A와 토지 지상에 창고를 신축하는 데 필요한 형틀공사 계약을 체결한 후 그 공사를 완료하였는데, A가 공사대금을 주지 않는다는 이유로 위 토지에 쌓아 둔 건축자재를 단순히 치우지 않은 경우, 甲의 이러한 행위는 적극적으로 A의 추가 공사 업무를 방해한 행위와 동등한 형법적 가치를 가지는 것으로 평가할 수 있으므로 甲에게는 부작위에 의한 업무방해죄가 성립한다.",X,"업무방해죄와 같이 작위를 내용으로 하는 범죄를 부작위에 의하여 범하는 부진정 부작위범이 성립하기 위해서는 부작위를 실행행위로서의 작위와 동일시할 수 있어야 한다. (중략) 비록 피고인이 공사대금을 받을 목적으로 위와 같이 건축자재를 치우지 않았다고 하더라도, 피고인이 자신의 공사를 위하여 쌓아 두었던 건축자재를 공사 완료 후에 단순히 치우지 않은 행위가 위력으로써 피해자의 추가 공사 업무를 방해하는 업무방해죄의 실행행위로서 피해자의 업무에 대하여 하는 적극적인 방해행위와 동등한 형법적 가치를 가진다고 볼 수는 없다(2017도13211)."
"｢폭력행위 등 처벌에 관한 법률｣ 제2조 제3항은 2회 이상 징역형을 받은 사람에 대해서 누범으로 가중 처벌하도록 하고 있는데, 집행유예의 선고를 받은 후 그 선고가 실효 또는 취소됨이 없이 유예기간을 경과하여 형의 선고가 효력을 잃은 경우는 위 조항의 ‘징역형을 받은 경우’에 해당하지 않는다.",O,"폭력행위 등 처벌에 관한 법률(이하 ‘폭력행위처벌법’이라 한다) 제2조 제3항은 “이 법(형법 각 해당 조항 및 각 해당 조항의 상습범, 특수범, 상습특수범, 각 해당 조항의 상습범의 미수범, 특수범의 미수범, 상습특수범의 미수범을 포함한다)을 위반하여 2회 이상 징역형을 받은 사람이 다시 제2항 각 호에 규정된 죄를 범하여 누범으로 처벌할 경우에는 다음 각 호의 구분에 따라 가중처벌한다.”라고 규정하고 있다. 그런데 형의 실효 등에 관한 법률에 따라 형이 실효된 경우에는 형의 선고에 의한 법적 효과가 장래를 향하여 소멸하므로 형이 실효된 후에는 그 전과를 폭력행위처벌법 제2조 제3항에서 말하는 ‘징역형을 받은 경우’라고 할 수 없다.
 한편 형법 제65조는 “집행유예의 선고를 받은 후 그 선고의 실효 또는 취소됨이 없이 유예기간을 경과한 때에는 형의 선고는 효력을 잃는다.”라고 규정하고 있다. 여기서 ‘형의 선고가 효력을 잃는다’는 의미는 앞서 본 형의 실효와 마찬가지로 형의 선고에 의한 법적 효과가 장래를 향하여 소멸한다는 취지이다(대법원 2010. 9. 9. 선고 2010도8021 판결 등 참조). 따라서 형법 제65조에 따라 형의 선고가 효력을 잃는 경우에도 그 전과는 폭력행위처벌법 제2조 제3항에서 말하는 ‘징역형을 받은 경우’라고 할 수 없다.
 그리고 어느 징역형의 실효기간이 경과하기 전에 별도의 집행유예 선고가 있었지만 그 집행유예가 실효 또는 취소됨이 없이 유예기간이 경과하였고 그 무렵 집행유예 전에 선고되었던 징역형도 그 자체의 실효기간이 경과하였다면 그 징역형 역시 실효되어 폭력행위처벌법 제2조 제3항에서 말하는 ‘징역형을 받은 경우’에 해당한다고 할 수 없다(대법원 2014. 9. 4. 선고 2014도7088 판결 참조)(2016도5032)."
형의 집행을 유예하는 경우에는 보호관찰과 사회봉사 또는 수강을 동시에 명할 수는 없다.,X,"형법 제62조의2 제1항은 ""형의 집행을 유예하는 경우에는 보호관찰을 받을 것을 명하거나 사회봉사 또는 수강을 명할 수 있다.""고 규정하고 있는바, 그 문리에 따르면, 보호관찰과 사회봉사는 각각 독립하여 명할 수 있다는 것이지, 반드시 그 양자를 동시에 명할 수 없다는 취지로 해석되지는 아니할 뿐더러, 소년법 제32조 제3항, 성폭력범죄의처벌및피해자보호등에관한법률 제16조 제2항, 가정폭력범죄의처벌등에관한특례법 제40조 제1항 등에는 보호관찰과 사회봉사를 동시에 명할 수 있다고 명시적으로 규정하고 있는바, 일반 형법에 의하여 보호관찰과 사회봉사를 명하는 경우와 비교하여 특별히 달리 취급할 만한 이유가 없으며, 제도의 취지에 비추어 보더라도, 범죄자에 대한 사회복귀를 촉진하고 효율적인 범죄예방을 위하여 양자를 병과할 필요성이 있는 점 등을 종합하여 볼 때, 형법 제62조에 의하여 집행유예를 선고할 경우에는 같은 법 제62조의2 제1항에 규정된 보호관찰과 사회봉사 또는 수강을 동시에 명할 수 있다고 해석함이 상당하다(98도98)."
범죄행위에 이용한 웹사이트 매각을 통해 피고인이 취득한 대가는 ｢형법｣ 제48조 제2항의 추징 대상이 된다.,X,"형법 제48조 제1항은 ‘범죄행위로 인하여 생(생)하였거나 이로 인하여 취득한 물건’으로서 범인 이외의 자의 소유에 속하지 아니하거나 범죄 후 범인 이외의 자가 정을 알면서 취득한 물건의 전부 또는 일부를 몰수할 수 있다고 규정하면서(제2호), 제2항에서는 제1항에 기재한 물건을 몰수하기 불능한 때에는 그 가액을 추징하도록 규정하고 있다. 이와 같이 형법 제48조는 몰수의 대상을 ‘물건’으로 한정하고 있다. 이는 범죄행위에 의하여 생긴 재산 및 범죄행위의 보수로 얻은 재산을 범죄수익으로 몰수할 수 있도록 한 범죄수익은닉의 규제 및 처벌 등에 관한 법률이나 범죄행위로 취득한 재산상 이익의 가액을 추징할 수 있도록 한 형법 제357조 등의 규정과는 구별된다. 민법 제98조는 물건에 관하여 ‘유체물 및 전기 기타 관리할 수 있는 자연력’을 의미한다고 정의하는데, 형법이 민법이 정의한 ‘물건’과 다른 내용으로 ‘물건’의 개념을 정의하고 있다고 볼 만한 사정도 존재하지 아니한다. (중략)
 이 사건 웹사이트는 이 사건 각 범죄행위에 제공된 무형의 재산에 해당할 뿐 형법 제48조 제1항 제 2호에서 정한 ‘범죄행위로 인하여 생(生)하였거나 이로 인하여 취득한 물건’에 해당하지 않는다. 따라서 피고인이 이 사건 웹사이트 매각을 통해 취득한 대가는 형법 제48조 제1항 제2호, 제2항이 규정한 추징의 대상에 해당하지 않는다(2021도7168)."
휴대전화로 촬영한 동영상은 일정한 저장매체에 전자방식이나 자기방식에 의하여 저장된 기록으로서 저장매체를 매개로 존재하는 물건이므로 몰수의 사유가 있는 때에는 그 전자기록을 몰수할 수 있다.,O,2017도5905.
유기징역형에 대한 법률상 감경을 하면서 ｢형법｣ 제55조 제1항 제3호에서 정한 것과 같이 장기와 단기를 모두 2분의 1로 감경하는 것이 아닌 장기 또는 단기 중 어느 하나만을 2분의 1로 감경하는 방식이나 2분의 1보다 넓은 범위의 감경을 하는 방식 등은 죄형법정주의 원칙상 허용될 수 없다.,O,
｢형법｣ 제1조 제1항 “범죄의 성립과 처벌은 행위 시의 법률에 따른다.”라고 할 때의 ‘행위 시’라 함은 범죄행위 종료 시를 의미하므로 구법 시행 시 행위가 종료하였으나 결과는 신법 시행 시에 발생한 경우에는 신법이 적용된다.,X,구법이 적용된다.
상습강제추행죄가 시행되기 이전에 범해진 강제추행행위는 습벽에 의한 것이라도 상습강제추행죄로 처벌할 수 없고 강제추행죄로 처벌할 수 있을 뿐이다.,O,"포괄일죄에 관한 기존 처벌법규에 대하여 그 표현이나 형량과 관련한 개정을 하는 경우가 아니라 애초에 죄가 되지 아니하던 행위를 구성요건의 신설로 포괄일죄의 처벌대상으로 삼는 경우에는 신설된 포괄일죄 처벌법규가 시행되기 이전의 행위에 대하여는 신설된 법규를 적용하여 처벌할 수 없다(형법 제1조 제1항). 이는 신설된 처벌법규가 상습범을 처벌하는 구성요건인 경우에도 마찬가지라고 할 것이므로, 구성요건이 신설된 상습강제추행죄가 시행되기 이전의 범행은 상습강제추행죄로는 처벌할 수 없고 행위시법에 기초하여 강제추행죄로 처벌할 수 있을 뿐이며, 이 경우 그 소추요건도 상습강제추행죄에 관한 것이 아니라 강제추행죄에 관한 것이 구비되어야 한다(2015도15669)."
범죄 후 법률의 변경이 있더라도 형이 중하게 변경되는 경우나 형의 변경이 없는 경우에는 행위시법을 적용하여서는 안 된다.,X,
"헌법재판소가 형벌법규에 대해 위헌결정을 한 경우, 당해 법조를 적용하여 기소한 피고 사건은 범죄 후의 법령개폐로 형이 폐지되었을 때에 해당하므로 면소의 선고를 하여야 한다.",X,전단 무죄.
형을 종전보다 가볍게 형벌법규를 개정하면서 그 부칙으로 개정된 법의 시행 전의 범죄에 대하여 종전의 형벌법규를 적용하도록 개정하는 경우 신법우선주의에 반한다.,X,
"주식회사의 대표이사 甲이 대표이사의 지위에 기하여 그 직무집행행위로서 타인이 적법하게 점유하는 위 회사의 물건을 취거하였다 하더라도, 그 물건은 甲의 소유가 아니므로 甲에게 권리행사방해죄가 성립하지 않는다.",X,"주식회사의 대표이사가 대표이사의 지위에 기하여 그 직무집행행위로서 타인이 점유하는 위 회사의 물건을 취거한 경우에는, 위 행위는 위 회사의 대표기관으로서의 행위라고 평가되므로, 위 회사의 물건도 권리행사방해죄에 있어서의 “자기의 물건”이라고 보아야 할 것이다(91도1170)."
"甲이 자신의 차를 가로막는 A를 부딪친 것은 아니라고 하더라도, A를 부딪칠 듯이 차를 조금씩 전진시키는 것을 반복하는 행위는 특수폭행죄를 구성한다.",O,
"강간치상의 범행을 저지른 甲이 그 범행으로 인하여 실신상태에 있는 피해자를 구호하지 아니하고 방치하였다 하더라도, 유기죄는 성립하지 아니하고 포괄적으로 단일의 강간치상죄만 성립한다.",O,80도726.
｢형법｣은 유사강간죄의 예비·음모행위를 처벌하는 규정을 두고 있다.,O,
인신매매죄에 대해서는 세계주의가 적용된다.,O,
"甲이 자신이 토지의 소유자라고 허위 주장을 하면서 소유권보존등기 명의자를 상대로 보존등기의 말소를 구하는 소송을 제기한 경우, 그 소송에서 위 토지가 甲의 소유임을 인정하여 보존등기 말소를 명하는 내용의 승소확정판결을 받는다면 甲에게 소송사기죄가 성립하고, 이 경우 기수시기는 위 판결이 확정된 때이다.",O,
"A가 자기의 비용과 노력으로 건물을 신축하여 소유권을 원시취득한 미등기건물의 소유자임에도, A에 대한 채권담보 등을 위하여 건축허가명의만을 가진 甲과 甲에 대한 채권자 乙이 공모하여 乙이 甲을 상대로 위 건물에 관한 강제경매를 신청하여 법원의 경매개시결정이 내려지고, 그에 따라 甲 앞으로 촉탁에 의한 소유권보존등기가 된 경우, 甲과 乙에게는 A에 대한 관계에서 사기죄의 공동정범이 성립한다.",X,"자기의 비용과 노력으로 건물을 신축하여 그 소유권을 원시취득한 미등기건물의 소유자가 있고 그에 대한 채권담보 등을 위하여 건축허가명의만을 가진 자가 따로 있는 상황에서, 건축허가명의자에 대한 채권자가 위 명의자와 공모하여 명의자를 상대로 위 건물에 관한 강제경매를 신청하여 법원의 경매개시결정이 내려지고, 그에 따라 위 명의자 앞으로 촉탁에 의한 소유권보존등기가 되고 나아가 그 경매절차에서 건물이 매각되었다고 하더라도, 위와 같은 경매신청행위 등이 진정한 소유자에 대한 관계에서 사기죄가 된다고 볼 수는 없다. 왜냐하면 위 경매절차에서 한 법원의 재판이나 법원의 촉탁에 의한 소유권보존등기의 효력은 그 재판의 당사자도 아닌 위 진정한 소유자에게는 미치지 아니하는 것이어서, 피기망자인 법원의 재판이 피해자의 처분행위에 갈음하는 내용과 효력이 있는 것이라고 보기는 어렵기 때문이다(2013도459)."
허위 채권에 기한 공정증서를 집행권원으로 하여 채무자의 소유권이전등기청구권에 대하여 압류신청을 한 것만으로는 소송사기의 실행에 착수하였다고 볼 수 없다.,X,"강제집행절차를 통한 소송사기는 집행절차의 개시신청을 한 때 또는 진행 중인 집행절차에 배당신청을 한 때에 실행에 착수하였다고 볼 것이다.
 민사집행법 제244조에서 규정하는 부동산에 관한 권리이전청구권에 대한 강제집행은 그 자체를 처분하여 대금으로 채권에 만족을 기하는 것이 아니고, 부동산에 관한 권리이전청구권을 압류하여 청구권의 내용을 실현시키고 부동산을 채무자의 책임재산으로 귀속시킨 다음 다시 부동산에 대한 경매를 실시하여 매각대금으로 채권에 만족을 기하는 것이다. 이러한 경우 소유권이전등기청구권에 대한 압류는 당해 부동산에 대한 경매의 실시를 위한 사전 단계로서의 의미를 가지나, 전체로서의 강제집행절차를 위한 일련의 시작행위라고 할 수 있으므로, 허위 채권에 기한 공정증서를 집행권원으로 하여 채무자의 소유권이전등기청구권에 대하여 압류신청을 한 시점에 소송사기의 실행에 착수하였다고 볼 것이다(2014도10086)."
"甲이 소송상의 주장이 사실과 다름이 객관적으로 명백하거나 증거가 조작되어 있다는 정을 인식하지 못하는 제3자를 이용하여 그로 하여금 소송의 당사자가 되게 하여 법원을 기망하였다면, 甲에게 간접정범의 형태에 의한 소송사기죄가 성립한다.",O,
"甲이 법원을 기망하여 소송상대방인 직계혈족으로부터 재물을 편취하여 사기죄가 성립하는 경우, 甲에게는 친족상도례가 적용되므로 그 형을 면제하여야 한다.",X,"가족ㆍ친족 관계에 관한 우리나라의 역사적ㆍ문화적 특징이나 재산범죄의 특성, 형벌의 보충성에 비추어, 친족상도례의 필요성은 수긍할 수 있다. 그런데 심판대상조항은 재산범죄의 가해자와 피해자 사이의 일정한 친족관계를 요건으로 하여 일률적으로 형을 면제하도록 규정하고 있는바, 적용대상 친족의 범위가 지나치게 넓고, 심판대상조항이 준용되는 재산범죄들 가운데 불법성이 경미하다고 보기 어려운 경우가 있다는 점에서 제도적 취지에 부합하지 않는 결과를 초래할 우려가 있고, 미성년자나 질병, 장애 등으로 가족과 친족 사회 내에서 취약한 지위에 있는 구성원에 대한 경제적 착취를 용인할 우려가 있다. 그럼에도 법관으로 하여금 이러한 사정을 전혀 고려할 수 없도록 하고 획일적으로 형면제 판결을 선고하도록 한 심판대상조항은 형사피해자가 법관에게 적절한 형벌권을 행사하여줄 것을 청구할 수 없도록 하는 것으로서 입법재량을 일탈하여 현저히 불합리하거나 불공정하므로 형사피해자의 재판절차진술권을 침해한다(2020헌마468).
 
 개정 형법 제328조(친족 사이의 범행과 고소) ① 제323조의 죄를 지은 사람이 피해자의 친족인 경우에는 고소가 있어야 공소를 제기할 수 있다. 이 경우 「형사소송법」 제224조 및 「군사법원법」 제266조에도 불구하고 자기 또는 배우자의 직계존속을 고소할 수 있다."
"<(가) 甲은 2018. 5.경 저금리 대출을 해주겠다고 전화로 거짓말을 하여 금원을 편취하는 소위 보이스피싱 범죄단체에 가입한 후 실제로 위와 같이 보이스피싱 범행을 하였다. 乙은 2019. 7.경 甲으로부터 적법한 사업운영에 필요하니 은행계좌, 현금카드, 비밀번호를 빌려달라는 부탁을 받고 甲이 이를 보이스피싱 범행에 사용할 것임을 알지 못한 채 乙 명의의 은행계좌 등을 甲에게 건네주었다. A는 甲으로부터 보이스피싱 기망을 당해 乙 명의의 은행계좌에 1,000만 원을 입금하였다. 乙은 1,000만 원이 입금된 사실을 우연히 알게 되자 순간적으로 욕심이 나 이를 임의로 인출하여 사용하였다.
 (나) 이에 화가 난 甲은 乙에게 전화하여 “A가 입금한 1,000만 원을 돌려주지 않으면 죽여버린다.”라고 말하였는데, 乙은 甲의 이러한 협박 발언을 녹음한 후, 자신의 동생 丙에게 『내 계좌에 모르는 사람으로부터 1,000만 원이 입금되어 있기에 사용했는데, 이를 안 甲이 나에게 돌려주지 않으면 죽여버린다고 협박했다.』 라는 내용의 문자메시지를 보냈다. 이후 A와 丙의 신고로 수사가 개시되어 甲이 기소되었고, 검사는 乙이 녹음한 녹음파일 중 甲의 협박 발언 부분 및 문자메시지를 촬영한 사진을 증거로 신청하였다.>
 (가) 사실관계에서, 甲에게 형법상 범죄단체활동죄와 별개로 사기죄도 성립한다.",O,"피고인이 보이스피싱 사기 범죄단체에 가입한 후 사기범죄의 피해자들로부터 돈을 편취하는 등 그 구성원으로서 활동하였다는 내용의 공소사실이 유죄로 인정된 사안에서, 범죄단체 가입행위 또는 범죄단체 구성원으로서 활동하는 행위와 사기행위는 각각 별개의 범죄구성요건을 충족하는 독립된 행위이고 서로 보호법익도 달라 법조경합 관계로 목적된 범죄인 사기죄만 성립하는 것은 아니라고 본 원심판단을 수긍한 사례(2017도8600)."
"<(가) 甲은 2018. 5.경 저금리 대출을 해주겠다고 전화로 거짓말을 하여 금원을 편취하는 소위 보이스피싱 범죄단체에 가입한 후 실제로 위와 같이 보이스피싱 범행을 하였다. 乙은 2019. 7.경 甲으로부터 적법한 사업운영에 필요하니 은행계좌, 현금카드, 비밀번호를 빌려달라는 부탁을 받고 甲이 이를 보이스피싱 범행에 사용할 것임을 알지 못한 채 乙 명의의 은행계좌 등을 甲에게 건네주었다. A는 甲으로부터 보이스피싱 기망을 당해 乙 명의의 은행계좌에 1,000만 원을 입금하였다. 乙은 1,000만 원이 입금된 사실을 우연히 알게 되자 순간적으로 욕심이 나 이를 임의로 인출하여 사용하였다.
 (나) 이에 화가 난 甲은 乙에게 전화하여 “A가 입금한 1,000만 원을 돌려주지 않으면 죽여버린다.”라고 말하였는데, 乙은 甲의 이러한 협박 발언을 녹음한 후, 자신의 동생 丙에게 『내 계좌에 모르는 사람으로부터 1,000만 원이 입금되어 있기에 사용했는데, 이를 안 甲이 나에게 돌려주지 않으면 죽여버린다고 협박했다.』 라는 내용의 문자메시지를 보냈다. 이후 A와 丙의 신고로 수사가 개시되어 甲이 기소되었고, 검사는 乙이 녹음한 녹음파일 중 甲의 협박 발언 부분 및 문자메시지를 촬영한 사진을 증거로 신청하였다.>
 (가) 사실관계에서, 乙에게는 횡령죄가 성립하지 않는다.",X,
"<(가) 甲은 2018. 5.경 저금리 대출을 해주겠다고 전화로 거짓말을 하여 금원을 편취하는 소위 보이스피싱 범죄단체에 가입한 후 실제로 위와 같이 보이스피싱 범행을 하였다. 乙은 2019. 7.경 甲으로부터 적법한 사업운영에 필요하니 은행계좌, 현금카드, 비밀번호를 빌려달라는 부탁을 받고 甲이 이를 보이스피싱 범행에 사용할 것임을 알지 못한 채 乙 명의의 은행계좌 등을 甲에게 건네주었다. A는 甲으로부터 보이스피싱 기망을 당해 乙 명의의 은행계좌에 1,000만 원을 입금하였다. 乙은 1,000만 원이 입금된 사실을 우연히 알게 되자 순간적으로 욕심이 나 이를 임의로 인출하여 사용하였다.
 (나) 이에 화가 난 甲은 乙에게 전화하여 “A가 입금한 1,000만 원을 돌려주지 않으면 죽여버린다.”라고 말하였는데, 乙은 甲의 이러한 협박 발언을 녹음한 후, 자신의 동생 丙에게 『내 계좌에 모르는 사람으로부터 1,000만 원이 입금되어 있기에 사용했는데, 이를 안 甲이 나에게 돌려주지 않으면 죽여버린다고 협박했다.』 라는 내용의 문자메시지를 보냈다. 이후 A와 丙의 신고로 수사가 개시되어 甲이 기소되었고, 검사는 乙이 녹음한 녹음파일 중 甲의 협박 발언 부분 및 문자메시지를 촬영한 사진을 증거로 신청하였다.>
 (나) 사실관계에서, 검사의 입증취지가 甲이 위와 같이 협박한 사실인 경우, 乙이 녹음한 녹음파일 중 甲의 협박 발언 부분은 전문증거이다.",X,"형사소송법은 제310조의2에서 원칙적으로 전문증거의 증거능력을 인정하지 않고, 제311조부터 제316조까지에서 정한 요건을 충족하는 경우에만 예외적으로 증거능력을 인정한다. 다른 사람의 진술을 내용으로 하는 진술이 전문증거인지는 요증사실이 무엇인지에 따라 정해진다. 다른 사람의 진술, 즉 원진술의 내용인 사실이 요증사실인 경우에는 전문증거이지만, 원진술의 존재 자체가 요증사실인 경우에는 본래증거이지 전문증거가 아니다.
 어떤 진술이 기재된 서류가 그 내용의 진실성이 범죄사실에 대한 직접증거로 사용될 때는 전문증거가 되지만, 그와 같은 진술을 하였다는 것 자체 또는 진술의 진실성과 관계없는 간접사실에 대한 정황증거로 사용될 때는 반드시 전문증거가 되는 것이 아니다(2018도14303)."
"<(가) 甲은 2018. 5.경 저금리 대출을 해주겠다고 전화로 거짓말을 하여 금원을 편취하는 소위 보이스피싱 범죄단체에 가입한 후 실제로 위와 같이 보이스피싱 범행을 하였다. 乙은 2019. 7.경 甲으로부터 적법한 사업운영에 필요하니 은행계좌, 현금카드, 비밀번호를 빌려달라는 부탁을 받고 甲이 이를 보이스피싱 범행에 사용할 것임을 알지 못한 채 乙 명의의 은행계좌 등을 甲에게 건네주었다. A는 甲으로부터 보이스피싱 기망을 당해 乙 명의의 은행계좌에 1,000만 원을 입금하였다. 乙은 1,000만 원이 입금된 사실을 우연히 알게 되자 순간적으로 욕심이 나 이를 임의로 인출하여 사용하였다.
 (나) 이에 화가 난 甲은 乙에게 전화하여 “A가 입금한 1,000만 원을 돌려주지 않으면 죽여버린다.”라고 말하였는데, 乙은 甲의 이러한 협박 발언을 녹음한 후, 자신의 동생 丙에게 『내 계좌에 모르는 사람으로부터 1,000만 원이 입금되어 있기에 사용했는데, 이를 안 甲이 나에게 돌려주지 않으면 죽여버린다고 협박했다.』 라는 내용의 문자메시지를 보냈다. 이후 A와 丙의 신고로 수사가 개시되어 甲이 기소되었고, 검사는 乙이 녹음한 녹음파일 중 甲의 협박 발언 부분 및 문자메시지를 촬영한 사진을 증거로 신청하였다.>
 (나) 사실관계에서, 검사의 입증취지가 甲이 위와 같이 협박한 사실인 경우, 문자메시지를 촬영한 사진은 전문증거이다.",O,"형사소송법은 제310조의2에서 원칙적으로 전문증거의 증거능력을 인정하지 않고, 제311조부터 제316조까지에서 정한 요건을 충족하는 경우에만 예외적으로 증거능력을 인정한다. 다른 사람의 진술을 내용으로 하는 진술이 전문증거인지는 요증사실이 무엇인지에 따라 정해진다. 다른 사람의 진술, 즉 원진술의 내용인 사실이 요증사실인 경우에는 전문증거이지만, 원진술의 존재 자체가 요증사실인 경우에는 본래증거이지 전문증거가 아니다.
 어떤 진술이 기재된 서류가 그 내용의 진실성이 범죄사실에 대한 직접증거로 사용될 때는 전문증거가 되지만, 그와 같은 진술을 하였다는 것 자체 또는 진술의 진실성과 관계없는 간접사실에 대한 정황증거로 사용될 때는 반드시 전문증거가 되는 것이 아니다(2018도14303)."
"사진을 바꾸어 붙이는 방법으로 위조한, 외국 공무원이 발행한 국제운전면허증이 유효기간을 경과하여 본래의 용법에 따라 사용할 수 없더라도, 면허증 행사 시 상대방이 유효기간을 쉽게 알 수 없는 등의 사정으로 발급 권한 있는 자로부터 국제운전면허를 받은 것으로 오신하기에 충분한 정도의 형식과 외관을 갖추고 있다면, 문서위조죄의 위조문서에 해당한다.",O,"문서위조죄는 문서의 진정에 대한 공공의 신용을 그 보호법익으로 하는 것이므로, 피고인이 위조하였다는 국제운전면허증이 그 유효기간을 경과하여 본래의 용법에 따라 사용할 수는 없게 되었다고 하더라도, 이를 행사하는 경우 그 상대방이 유효기간을 쉽게 알 수 없도록 되어 있거나 위 문서 자체가 진정하게 작성된 것으로서 피고인이 명의자로부터 국제운전면허를 받은 것으로 오신하기에 충분한 정도의 형식과 외관을 갖추고 있다면 피고인의 행위는 문서위조죄에 해당한다(98도164)."
"변조 당시 명의인의 명시적, 묵시적 승낙이 없었다면 변조된 문서가 명의인에게 유리하여 결과적으로 그 의사에 합치한다 하더라도 사문서변조죄의 구성요건을 충족한다.",O,
"사법인(私法人)이 구축한 전산망 시스템의 설치·운영 주체로부터 각자의 직무 범위에서 개개의 단위정보의 입력 권한을 부여받은 사람이 그 권한을 남용하여 허위의 정보를 입력함으로써 시스템 설치·운영 주체의 의사에 반하는 전자기록을 생성한 경우, 이는 사전자기록등위작죄에서 말하는 전자기록의 ‘위작’에 포함되지 않는다.",X,"형법 제227조의2의 공전자기록등위작죄는 사무처리를 그르치게 할 목적으로 공무원 또는 공무소의 전자기록 등 특수매체기록을 위작 또는 변작한 경우에 성립한다. 대법원은, 형법 제227조의2에서 위작의 객체로 규정한 전자기록은 그 자체로는 물적 실체를 가진 것이 아니어서 별도의 표시·출력장치를 통하지 아니하고는 보거나 읽을 수 없고, 그 생성 과정에 여러 사람의 의사나 행위가 개재됨은 물론 추가 입력한 정보가 프로그램에 의하여 자동으로 기존의 정보와 결합하여 새로운 전자기록을 작출하는 경우도 적지 않으며, 그 이용 과정을 보아도 그 자체로서 객관적·고정적 의미를 가지면서 독립적으로 쓰이는 것이 아니라 개인 또는 법인이 전자적 방식에 의한 정보의 생성·처리·저장·출력을 목적으로 구축하여 설치·운영하는 시스템에서 쓰임으로써 예정된 증명적 기능을 수행하는 것이므로, 위와 같은 시스템을 설치·운영하는 주체와의 관계에서 전자기록의 생성에 관여할 권한이 없는 사람이 전자기록을 작출하거나 전자기록의 생성에 필요한 단위정보의 입력을 하는 경우는 물론 시스템의 설치·운영 주체로부터 각자의 직무 범위에서 개개의 단위정보의 입력 권한을 부여받은 사람이 그 권한을 남용하여 허위의 정보를 입력함으로써 시스템 설치·운영 주체의 의사에 반하는 전자기록을 생성하는 경우도 형법 제227조의2에서 말하는 전자기록의 ‘위작’에 포함된다고 판시하였다. 위 법리는 형법 제232조의2의 사전자기록등위작죄에서 행위의 태양으로 규정한 ‘위작’에 대해서도 마찬가지로 적용된다(2019도11294)."
"권한 없이 행사할 목적으로 전세계약서 원본을 스캐너로 복사하여 컴퓨터 화면에 띄운 후 그 보증금액란을 포토숍 프로그램을 이용하여 공란으로 만든 다음 이를 프린터로 출력하여 그 공란에 볼펜으로 보증금액을 사실과 달리 기재하여 그 정을 모르는 자에게 교부하였다면, 사문서변조죄 및 변조사문서행사죄가 성립한다.",O,
"사문서위조죄나 공정증서원본불실기재죄가 성립한 후, 사후에 피해자의 동의 또는 추인 등의 사정으로 문서에 기재된 대로 효과의 승인을 받거나 등기가 실체적 권리관계에 부합하게 되었다 하더라도 이미 성립한 위 범죄에는 아무런 영향이 없다.",O,
초등학생들이 학교에 등교하여 교실에서 수업을 듣는 것은 업무방해죄의 보호대상인 ‘직업 기타 사회생활상의 지위에 기하여 계속적으로 종사하는 사무 또는 사업’에 해당한다고 할 수 없다.,O,
"주택재건축조합 조합장이 자신에 대한 감사활동을 방해하기 위하여 조합 사무실에 있던 컴퓨터에 비밀번호를 설정하고 하드디스크를 분리·보관하는 방법으로 그 조합의 정보처리 업무를 방해한 경우, ｢형법｣ 제314조 제2항의 컴퓨터등장애 업무방해죄가 성립한다.",O,"형법 제314조 제2항의 컴퓨터 등 장애에 의한 업무방해죄는, 컴퓨터 등 정보처리장치 또는 전자기록 등 특수매체기록을 손괴하거나 정보처리장치에 허위의 정보 또는 부정한 명령을 입력하거나 기타 방법으로 정보처리장치에 장애를 발생하게 하여 사람의 업무를 방해한 경우에 성립하는데, 여기에서 ‘컴퓨터 등 정보처리장치’란 자동적으로 계산이나 데이터처리를 할 수 있는 전자장치로서 하드웨어와 소프트웨어를 모두 포함하고(대법원 2004. 7. 9. 선고 2002도631 판결 참조), ‘손괴’란 유형력을 행사하여 물리적으로 파괴·멸실시키는 것뿐 아니라 전자기록의 소거나 자력에 의한 교란도 포함하며, ‘허위의 정보 또는 부정한 명령의 입력’이란 객관적으로 진실에 반하는 내용의 정보를 입력하거나 정보처리장치를 운영하는 본래의 목적과 상이한 명령을 입력하는 것이고, ‘기타 방법’이란 컴퓨터의 정보처리에 장애를 초래하는 가해수단으로서 컴퓨터의 작동에 직접·간접으로 영향을 미치는 일체의 행위를 말한다.
 이 사건 컴퓨터와 하드디스크는 형법 제314조 제2항에 규정된 ‘컴퓨터 등 정보처리장치’에 해당하고, 업무수행을 위해서가 아니라 담당직원의 정상적인 업무수행을 방해할 의도에서 그 담당 직원의 의사와는 상관없이 함부로 컴퓨터에 비밀번호를 설정한 행위는 같은 항의 ‘허위의 정보 또는 부정한 명령의 입력’에 해당하며 컴퓨터의 하드디스크를 분리·보관한 행위는 같은 항의 ‘손괴’에 해당하므로, 피고인이 컴퓨터에 비밀번호를 설정하고 하드디스크를 분리·보관함으로써 조합의 정보처리에 관한 업무를 방해한 행위는 형법 제314조 제2항의 컴퓨터 등 장애 업무방해죄에 해당한다고 할 것이다(2011도7943)."
"지방공사 사장이 신규직원 채용권한을 행사하는 것은 공사의 기관으로서 공사의 업무를 집행하는 것이므로, 이러한 신규직원 채용업무는 위 권한의 귀속주체인 사장 본인에 대한 관계에서도 업무방해죄의 객체인 타인의 업무에 해당한다.",O,2005도6404.
"종중 회장으로서의 사회적인 지위에서 계속적으로 행하여 온 종중 업무수행의 일환으로 행하여진 것이라도, 그것이 종중 정기총회에서 의사진행업무와 같은 1회성 업무인 경우에는 업무방해죄에 의하여 보호되는 업무에 해당하지 않는다.",X,"형법 제314조 소정의 업무방해죄에 있어서의 업무라 함은, 직업 또는 사회생활상의 지위에 기하여 계속적으로 종사하는 사무 또는 사업을 말하는 것인바, 여기에서 말하는 사무 또는 사업은 그것이 사회생활적인 지위에 기한 것이면 족하고 경제적인 것이어야 할 필요는 없으며, 또 그 행위 자체는 1회성을 갖는 것이라고 하더라도 계속성을 갖는 본래의 업무수행의 일환으로서 행하여지는 것이라면, 업무방해죄에 의하여 보호되는 업무에 해당된다고 할 것이다.
 
 그러므로, 종중 정기총회를 주재하는 종중 회장의 의사진행업무 자체는 1회성을 갖는 것이라고 하더라도 그것이 종중 회장으로서의 사회적인 지위에서 계속적으로 행하여 온 종중 업무수행의 일환으로 행하여진 것이라면, 그와 같은 의사진행업무도 형법 제314조 소정의 업무방해죄에 의하여 보호되는 업무에 해당된다고 할 것이고, 또 종중 회장의 위와 같은 업무는 종중원들에 대한 관계에서는 타인의 업무라고 할 것이므로, 같은 취지로 판단한 원심판결에 논하는 바와 같은 법리오해의 위법이 있다고 볼 수 없다(95도1589)."
"법원의 직무집행정지 가처분결정에 의하여 직무집행이 정지된 자가 법원의 결정에 반하여 직무를 수행함으로써 업무를 계속 행하는 경우, 그 업무가 반사회성을 띠는 경우라고까지는 할 수 없으므로 업무방해죄에 의하여 보호되는 업무에 해당한다.",X,"법원의 직무집행정지 가처분결정에 의하여 그 직무집행이 정지된 자가 법원의 결정에 반하여 직무를 수행함으로써 업무를 계속 행하고 있다면, 그 업무는 국법질서와 재판의 존엄성을 무시하는 것으로서 사실상 평온하게 이루어지는 사회적 활동의 기반이 되는 것이라 할 수 없고, 비록 그 업무가 반사회성을 띠는 경우라고까지는 할 수 없다고 하더라도 법적 보호라는 측면에서는 그와 동등한 평가를 받을 수밖에 없으므로, 그 업무자체는 법의 보호를 받을 가치를 상실하였다고 하지 않을 수 없다(2001도5592)."
"동업자 사이에 손익분배의 정산이 되지 아니한 상태에서 동업자 중 한 사람이 동업재산을 보관하다가 임의로 횡령하였다면, 지분비율에 관계없이 임의로 횡령한 금액 전부에 대하여 횡령죄가 성립한다.",O,"동업재산은 동업자의 합유에 속하는 것이므로 동업관계가 존속하는 한 동업자는 동업재산에 대한 그 지분을 임의로 처분할 권한이 없고 동업자의 한 사람이 그 지분을 임의로 처분하거나 또는 동업재산의 처분으로 얻은 대금을 보관 중 임의로 소비하였다면 횡령죄의 죄책을 면할 수 없다. 또한 동업자 사이에 손익분배의 정산이 되지 아니하였다면 동업자의 한 사람이 임의로 동업자들의 합유에 속하는 동업재산을 처분할 권한이 없는 것이므로, 동업자의 한 사람이 동업재산을 보관 중 임의로 횡령하였다면 지분비율에 관계없이 임의로 횡령한 금액 전부에 대하여 횡령죄의 죄책을 부담한다(2010도17684)."
"부동산 입찰절차에서 수인이 대금을 분담하되 그중 1인인 甲 명의로 낙찰받기로 약정하여 그에 따라 낙찰이 이루어진 경우, 甲이 낙찰받은 부동산을 임의로 처분하더라도 횡령죄를 구성하지 않는다.",O,"부동산 입찰절차에서 수인이 대금을 분담하되 그 중 1인 명의로 낙찰받기로 약정하여 그에 따라 낙찰이 이루어진 경우, 그 입찰절차에서 낙찰인의 지위에 서게 되는 사람은 어디까지나 그 명의인이므로 입찰목적부동산의 소유권은 경락대금을 실질적으로 부담한 자가 누구인가와 상관없이 그 명의인이 취득한다 할 것이므로 그 부동산은 횡령죄의 객체인 타인의 재물이라고 볼 수 없어 명의인이 이를 임의로 처분하더라도 횡령죄를 구성하지 않는다(2000도258)."
부동산을 공동으로 상속한 자들 중 1인이 부동산을 혼자 점유하다가 다른 공동상속인의 상속지분을 임의로 처분하여도 횡령죄가 성립하지 않는다.,O,"부동산에 관한 횡령죄에 있어서 타인의 재물을 보관하는 자의 지위는 동산의 경우와는 달리 부동산에 대한 점유의 여부가 아니라 부동산을 제3자에게 유효하게 처분할 수 있는 권능의 유무에 따라 결정하여야 하므로, 부동산을 공동으로 상속한 자들 중 1인이 부동산을 혼자 점유하던 중 다른 공동상속인의 상속지분을 임의로 처분하여도 그에게는 그 처분권능이 없어 횡령죄가 성립하지 아니한다(2000도565)."
"甲이 업무상 과실로 장물을 보관함으로써 甲에게 업무상과실장물보관죄가 성립한다면, 그 후 甲이 위 장물을 임의로 처분하더라도 이러한 행위는 업무상과실장물보관죄의 가벌적 평가에 포함되어 별도로 횡령죄를 구성하지 않는다.",O,
절도죄에 있어서 재물의 타인성은 고의의 인식대상이다.,O,
무고죄의 고의는 신고자가 허위라고 확신한 사실을 신고한 경우뿐만 아니라 진실하다는 확신 없는 사실을 신고하는 경우에도 인정할 수 있다.,O,
"업무방해죄에서 업무방해의 고의는 반드시 업무방해의 목적이나 계획적인 업무방해의 의도가 있어야 인정되는 것은 아니고, 자기의 행위로 인하여 타인의 업무가 방해될 것이라는 결과를 발생시킬 만한 가능성 또는 위험이 있음을 인식하거나 예견하면 충분하다.",O,
"방조범은 정범의 실행을 방조한다는 이른바 방조의 고의와 정범의 행위가 구성요건에 해당하는 행위인 점에 대한 정범의 고의가 있어야 하고, 방조범에서 요구되는 정범의 고의는 정범에 의하여 실현되는 범죄의 미필적 인식이 아니라 구체적 내용을 인식할 것을 요한다.",X,"형법상 방조행위는 정범이 범행을 한다는 정을 알면서 그 실행행위를 용이하게 하는 직접·간접의 행위를 말하므로, 방조범은 정범의 실행을 방조한다는 이른바 방조의 고의와 정범의 행위가 구성요건에 해당하는 행위인 점에 대한 정범의 고의가 있어야 하나, 이와 같은 고의는 내심적 사실이므로 피고인이 이를 부정하는 경우에는 사물의 성질상 고의와 상당한 관련성이 있는 간접사실을 증명하는 방법에 의하여 입증할 수밖에 없고, 이 때 무엇이 상당한 관련성이 있는 간접사실에 해당할 것인가는 정상적인 경험칙에 바탕을 두고 치밀한 관찰력이나 분석력에 의하여 사실의 연결상태를 합리적으로 판단하는 외에 다른 방법이 없다고 할 것이며(대법원 1999. 1. 29. 선고 98도4031 판결 참조), 또한 방조범에 있어서 정범의 고의는 정범에 의하여 실현되는 범죄의 구체적 내용을 인식할 것을 요하는 것은 아니고 미필적 인식 또는 예견으로 족하다고 할 것이다(대법원 2004. 6. 24. 선고 2002도995 판결 참조)(2003도6056)."
준강간죄에서 준강간의 고의는 피해자가 심신상실 또는 항거불능의 상태에 있다는 것과 그러한 상태를 이용하여 간음한다는 구성요건적 결과 발생의 가능성을 인식하고 그러한 위험을 용인하는 내심의 의사가 있으면 인정될 수 있다.,O,
의사가 시술의 위험성에 관하여 설명을 하였더라면 환자가 시술을 거부하였을 것이라는 점이 합리적 의심의 여지가 없이 증명되지 못한 경우에는 의사의 설명의무 위반과 환자의 상해 또는 사망 사이에 상당인과관계를 인정할 수 없다.,O,의사의 설명의무 위반을 이유로 한 형사상 책임을 묻기 위해서는 의사가 시술의 위험성에 관하여 설명을 하였더라면 환자가 시술을 거부하였을 것이라는 점이 합리적 의심의 여지가 없이 증명되어야 한다(2014도11315).
고의의 결과범에서 실행행위와 결과발생 간에 인과관계가 없는 경우 행위자를 기수범으로 처벌할 수 없다.,O,
"｢아동·청소년의 성보호에 관한 법률｣ 제7조 제5항 위반의 위계에 의한 간음죄에서 행위자가 간음의 목적으로 피해자에게 오인, 착각, 부지를 일으키고 피해자의 그러한 심적 상태를 이용하여 간음의 목적을 달성하였다면 위계와 간음행위 사이의 인과관계를 인정할 수 있다.",O,
"피해자 법인의 대표가 기망행위자와 동일인이거나 기망행위자와 공모하는 등 기망행위임을 알고 있었던 경우에는 기망행위로 인한 착오가 있다고 볼 수 없고, 재물 교부 등의 처분행위가 있었더라도 기망행위와 인과관계가 있다고 보기 어렵다.",O,"사기죄는 타인을 기망하여 착오에 빠뜨리고 그로 인하여 피기망자(기망행위의 상대방)가 처분행위를 하도록 유발하여 재물 또는 재산상의 이익을 얻음으로써 성립하는 범죄이다. 따라서 사기죄가 성립하려면 행위자의 기망행위, 피기망자의 착오와 그에 따른 처분행위, 그리고 행위자 등의 재물이나 재산상 이익의 취득이 있고, 그 사이에 순차적인 인과관계가 존재하여야 한다. 그리고 사기죄의 피해자가 법인이나 단체인 경우에 기망행위로 인한 착오, 인과관계 등이 있었는지는 법인이나 단체의 대표 등 최종 의사결정권자 또는 내부적인 권한 위임 등에 따라 실질적으로 법인의 의사를 결정하고 처분을 할 권한을 가지고 있는 사람을 기준으로 판단하여야 한다.
 따라서 피해자 법인이나 단체의 대표자 또는 실질적으로 의사결정을 하는 최종결재권자 등이 기망행위자와 동일인이거나 기망행위자와 공모하는 등 기망행위임을 알고 있었던 경우에는 기망행위로 인한 착오가 있다고 볼 수 없고, 재물 교부 등의 처분행위가 있었더라도 기망행위와 인과관계가 있다고 보기 어렵다. 이러한 경우에는 사안에 따라 업무상횡령죄 또는 업무상배임죄 등이 성립하는 것은 별론으로 하고 사기죄가 성립한다고 볼 수 없다.
 반면에 피해자 법인이나 단체의 업무를 처리하는 실무자인 일반 직원이나 구성원 등이 기망행위임을 알고 있었더라도, 피해자 법인이나 단체의 대표자 또는 실질적으로 의사결정을 하는 최종결재권자 등이 기망행위임을 알지 못한 채 착오에 빠져 처분행위에 이른 경우라면, 피해자 법인에 대한 사기죄의 성립에 영향이 없다(2017도8449)."
"살인의 실행행위와 피해자의 사망 사이에 다른 사실이 개재되어 그 사실이 사망의 직접적인 원인이 되었다면, 그 사실이 통상 예견할 수 있는 것이라 하더라도 살인의 실행행위와 피해자의 사망 사이에 인과관계가 없는 것으로 보아야 한다.",X,
"성격적 결함을 가진 자에 대하여 자신의 충동을 억제하고 법을 준수하도록 하는 것이 기대할 수 없는 행위를 요구하는 것이라고 할 수 없으므로, 특단의 사정이 없는 한 충동조절장애와 같은 성격적 결함은 원칙적으로 형의 감면사유인 심신장애에 해당하지 않는다.",O,"자신의 충동을 억제하지 못하여 범죄를 저지르게 되는 현상은 정상인에게서도 얼마든지 찾아볼 수 있는 일로서, 특단의 사정이 없는 한 위와 같은 성격적 결함을 가진 사람에 대하여 자신의 충동을 억제하고 법을 준수하도록 요구하는 것이 기대할 수 없는 행위를 요구하는 것이라고는 할 수 없으므로, 원칙적으로 충동조절장애와 같은 성격적 결함은 형의 감면사유인 심신장애에 해당하지 아니한다고 봄이 상당하지만, 충동조절장애와 같은 성격적 결함이라 할지라도 그것이 매우 심각하여 원래의 의미의 정신병을 가진 사람과 동등하다고 평가할 수 있는 경우에는 그로 인한 범행은 심신장애로 인한 범행으로 보아야 한다(2006도5360)."
"자신의 차를 운전하여 술집에 가서 음주상태에서 교통사고를 일으킬 수 있다는 위험성을 예견하고도 술을 마신 후 심신미약 상태에서 운전을 하다가 교통사고를 일으킨 경우, 심신미약으로 인한 형의 감경을 할 수 없다.",O,
법률 위반 행위 중간에 일시적으로 판례에 따라 그 행위가 처벌대상이 되지 않는 것으로 해석되었던 적이 있었다고 하더라도 그것만으로 자신의 행위가 처벌되지 않는 것으로 믿은 데 정당한 이유가 있다고 할 수 없다.,O,
"직장의 상사가 범법행위를 하는 데 가담한 부하가 그 상사와 직무상 지휘·복종관계에 있는 경우, 그 부하에게는 상사의 범법행위에 가담하지 않을 기대가능성이 없다.",X,
"자신의 범행을 일관되게 부인하였으나 강도상해로 유죄판결이 확정된 甲이 위 강도상해의 공범으로 기소된 乙의 형사사건에서 자신의 범행사실을 부인하는 증언을 한 경우, 행위 당시의 구체적인 상황하에 행위자 대신에 사회적 평균인을 두고 이 평균인의 관점에서 볼 때 甲에게 사실대로 진술할 기대가능성이 있다.",O,
"<◦ 甲과 乙은 소위 날치기 범행을 공모한 후 함께 차를 타고 범행 대상을 물색하던 중, 은행에서 나와 거리를 걷고 있는 A를 발견하였다. 甲은 하차 후 A의 뒤에서 접근하여 A 소유의 자기앞수표(액면금 1억 원) 총 5매가 들어있는 손가방의 끈을 갑자기 잡아당겼는데, A는 빼앗기지 않으려고 버티다가 바닥에 넘어진 상태로 약 5미터 가량을 끌려가다 힘이 빠져 손가방을 놓쳤다. 甲은 이를 틈타 A의 손가방을 들고, 현장에서 대기하고 있던 乙이 운전하는 차를 타고 도망갔다.
 ◦ 그 뒤 甲은 본인 명의의 계좌를 새로 개설하여 위 자기앞수표 총 5매를 모두 입금하였다가, 며칠 뒤 다시 5억 원 전액을 현금으로 인출한 후, 甲과 따로 살고 있는 사촌 형 丙에게 위 사실관계를 모두 말해 주면서 위 현금 5억 원을 당분간 보관해 달라고 부탁하였다. 이에 동의한 丙은 그 돈을 건네받아 보관하던 중, A의 신고로 수사가 개시되었고 甲, 乙, 丙이 함께 기소되어 공동피고인으로 재판이 계속 중이다.>
 甲에게 특수강도죄가 성립한다.",O,
"<◦ 甲과 乙은 소위 날치기 범행을 공모한 후 함께 차를 타고 범행 대상을 물색하던 중, 은행에서 나와 거리를 걷고 있는 A를 발견하였다. 甲은 하차 후 A의 뒤에서 접근하여 A 소유의 자기앞수표(액면금 1억 원) 총 5매가 들어있는 손가방의 끈을 갑자기 잡아당겼는데, A는 빼앗기지 않으려고 버티다가 바닥에 넘어진 상태로 약 5미터 가량을 끌려가다 힘이 빠져 손가방을 놓쳤다. 甲은 이를 틈타 A의 손가방을 들고, 현장에서 대기하고 있던 乙이 운전하는 차를 타고 도망갔다.
 ◦ 그 뒤 甲은 본인 명의의 계좌를 새로 개설하여 위 자기앞수표 총 5매를 모두 입금하였다가, 며칠 뒤 다시 5억 원 전액을 현금으로 인출한 후, 甲과 따로 살고 있는 사촌 형 丙에게 위 사실관계를 모두 말해 주면서 위 현금 5억 원을 당분간 보관해 달라고 부탁하였다. 이에 동의한 丙은 그 돈을 건네받아 보관하던 중, A의 신고로 수사가 개시되었고 甲, 乙, 丙이 함께 기소되어 공동피고인으로 재판이 계속 중이다.>
 甲에게 ｢특정경제범죄 가중처벌 등에 관한 법률｣ 제3조를 적용하여 가중처벌할 수 있다.",X,"강도죄에는 해당 조항이 적용되지 않는다.
 특정경제범죄 가중처벌 등에 관한 법률 제3조(특정재산범죄의 가중처벌) ① 「형법」 제347조(사기), 제347조의2(컴퓨터등 사용사기), 제350조(공갈), 제350조의2(특수공갈), 제351조(제347조, 제347조의2, 제350조 및 제350조의2의 상습범만 해당한다), 제355조(횡령ㆍ배임) 또는 제356조(업무상의 횡령과 배임)의 죄를 범한 사람은 그 범죄행위로 인하여 취득하거나 제3자로 하여금 취득하게 한 재물 또는 재산상 이익의 가액(이하 이 조에서 “이득액”이라 한다)이 5억원 이상일 때에는 다음 각 호의 구분에 따라 가중처벌한다.
 1. 이득액이 50억원 이상일 때: 무기 또는 5년 이상의 징역
 2. 이득액이 5억원 이상 50억원 미만일 때: 3년 이상의 유기징역
 ② 제1항의 경우 이득액 이하에 상당하는 벌금을 병과(倂科)할 수 있다."
"<◦ 甲과 乙은 소위 날치기 범행을 공모한 후 함께 차를 타고 범행 대상을 물색하던 중, 은행에서 나와 거리를 걷고 있는 A를 발견하였다. 甲은 하차 후 A의 뒤에서 접근하여 A 소유의 자기앞수표(액면금 1억 원) 총 5매가 들어있는 손가방의 끈을 갑자기 잡아당겼는데, A는 빼앗기지 않으려고 버티다가 바닥에 넘어진 상태로 약 5미터 가량을 끌려가다 힘이 빠져 손가방을 놓쳤다. 甲은 이를 틈타 A의 손가방을 들고, 현장에서 대기하고 있던 乙이 운전하는 차를 타고 도망갔다.
 ◦ 그 뒤 甲은 본인 명의의 계좌를 새로 개설하여 위 자기앞수표 총 5매를 모두 입금하였다가, 며칠 뒤 다시 5억 원 전액을 현금으로 인출한 후, 甲과 따로 살고 있는 사촌 형 丙에게 위 사실관계를 모두 말해 주면서 위 현금 5억 원을 당분간 보관해 달라고 부탁하였다. 이에 동의한 丙은 그 돈을 건네받아 보관하던 중, A의 신고로 수사가 개시되었고 甲, 乙, 丙이 함께 기소되어 공동피고인으로 재판이 계속 중이다.>
 丙에게 장물보관죄가 성립하지 않는다.",X,"장물이라 함은 재산범죄로 인하여 취득한 물건 그 자체를 말하고, 그 장물의 처분대가는 장물성을 상실하는 것이지만, 금전은 고도의 대체성을 가지고 있어 다른 종류의 통화와 쉽게 교환할 수 있고, 그 금전 자체는 별다른 의미가 없고 금액에 의하여 표시되는 금전적 가치가 거래상 의미를 가지고 유통되고 있는 점에 비추어 볼 때, 장물인 현금을 금융기관에 예금의 형태로 보관하였다가 이를 반환받기 위하여 동일한 액수의 현금을 인출한 경우에 예금계약의 성질상 인출된 현금은 당초의 현금과 물리적인 동일성은 상실되었지만 액수에 의하여 표시되는 금전적 가치에는 아무런 변동이 없으므로 장물로서의 성질은 그대로 유지된다고 봄이 상당하고, 자기앞수표도 그 액면금을 즉시 지급받을 수 있는 등 현금에 대신하는 기능을 가지고 거래상 현금과 동일하게 취급되고 있는 점에서 금전의 경우와 동일하게 보아야 한다(98도2579)."
"<◦ 甲과 乙은 소위 날치기 범행을 공모한 후 함께 차를 타고 범행 대상을 물색하던 중, 은행에서 나와 거리를 걷고 있는 A를 발견하였다. 甲은 하차 후 A의 뒤에서 접근하여 A 소유의 자기앞수표(액면금 1억 원) 총 5매가 들어있는 손가방의 끈을 갑자기 잡아당겼는데, A는 빼앗기지 않으려고 버티다가 바닥에 넘어진 상태로 약 5미터 가량을 끌려가다 힘이 빠져 손가방을 놓쳤다. 甲은 이를 틈타 A의 손가방을 들고, 현장에서 대기하고 있던 乙이 운전하는 차를 타고 도망갔다.
 ◦ 그 뒤 甲은 본인 명의의 계좌를 새로 개설하여 위 자기앞수표 총 5매를 모두 입금하였다가, 며칠 뒤 다시 5억 원 전액을 현금으로 인출한 후, 甲과 따로 살고 있는 사촌 형 丙에게 위 사실관계를 모두 말해 주면서 위 현금 5억 원을 당분간 보관해 달라고 부탁하였다. 이에 동의한 丙은 그 돈을 건네받아 보관하던 중, A의 신고로 수사가 개시되었고 甲, 乙, 丙이 함께 기소되어 공동피고인으로 재판이 계속 중이다.>
 만약 丙에게 장물보관죄가 성립한다면, 丙에 대한 장물보관죄에 대하여는 甲과 丙 사이의 친족관계를 이유로 그 형을 감경 또는 면제하여야 한다.",X,"장물죄를 범한 자와 본범간에 형법 제328조 제2항의 신분관계가 있는 때에는 친족상도례가 적용되지 않는다.
 형법 제365조(친족간의 범행) ②전3조의 죄를 범한 자와 본범간에 제328조제1항의 신분관계가 있는 때에는 그 형을 감경 또는 면제한다. 단, 신분관계가 없는 공범에 대하여는 예외로 한다.
 제328조(친족간의 범행과 고소) ①직계혈족, 배우자, 동거친족, 동거가족 또는 그 배우자간의 제323조의 죄는 그 형을 면제한다."
"<◦ 甲과 乙은 소위 날치기 범행을 공모한 후 함께 차를 타고 범행 대상을 물색하던 중, 은행에서 나와 거리를 걷고 있는 A를 발견하였다. 甲은 하차 후 A의 뒤에서 접근하여 A 소유의 자기앞수표(액면금 1억 원) 총 5매가 들어있는 손가방의 끈을 갑자기 잡아당겼는데, A는 빼앗기지 않으려고 버티다가 바닥에 넘어진 상태로 약 5미터 가량을 끌려가다 힘이 빠져 손가방을 놓쳤다. 甲은 이를 틈타 A의 손가방을 들고, 현장에서 대기하고 있던 乙이 운전하는 차를 타고 도망갔다.
 ◦ 그 뒤 甲은 본인 명의의 계좌를 새로 개설하여 위 자기앞수표 총 5매를 모두 입금하였다가, 며칠 뒤 다시 5억 원 전액을 현금으로 인출한 후, 甲과 따로 살고 있는 사촌 형 丙에게 위 사실관계를 모두 말해 주면서 위 현금 5억 원을 당분간 보관해 달라고 부탁하였다. 이에 동의한 丙은 그 돈을 건네받아 보관하던 중, A의 신고로 수사가 개시되었고 甲, 乙, 丙이 함께 기소되어 공동피고인으로 재판이 계속 중이다.>
 甲의 손가방 탈취 범행의 유죄 입증과 관련하여, 자백 취지의 乙에 대한 사법경찰관 작성 피의자신문조서에 대하여 甲이 법정에서 내용부인하더라도, ｢형사소송법｣ 제314조에 의해서 증거능력을 인정할 수 있다.",X,
"<◦ 甲과 乙은 소위 날치기 범행을 공모한 후 함께 차를 타고 범행 대상을 물색하던 중, 은행에서 나와 거리를 걷고 있는 A를 발견하였다. 甲은 하차 후 A의 뒤에서 접근하여 A 소유의 자기앞수표(액면금 1억 원) 총 5매가 들어있는 손가방의 끈을 갑자기 잡아당겼는데, A는 빼앗기지 않으려고 버티다가 바닥에 넘어진 상태로 약 5미터 가량을 끌려가다 힘이 빠져 손가방을 놓쳤다. 甲은 이를 틈타 A의 손가방을 들고, 현장에서 대기하고 있던 乙이 운전하는 차를 타고 도망갔다.
 ◦ 그 뒤 甲은 본인 명의의 계좌를 새로 개설하여 위 자기앞수표 총 5매를 모두 입금하였다가, 며칠 뒤 다시 5억 원 전액을 현금으로 인출한 후, 甲과 따로 살고 있는 사촌 형 丙에게 위 사실관계를 모두 말해 주면서 위 현금 5억 원을 당분간 보관해 달라고 부탁하였다. 이에 동의한 丙은 그 돈을 건네받아 보관하던 중, A의 신고로 수사가 개시되었고 甲, 乙, 丙이 함께 기소되어 공동피고인으로 재판이 계속 중이다.>
 甲의 손가방 탈취 범행의 유죄 입증과 관련하여, 甲과 丙은 서로의 범죄사실에 관하여는 증인의 지위에 있으므로 증인선서 없이 한 丙의 법정진술은 甲의 증거동의가 없는 한 증거능력이 없다.",O,각각 다른 범죄사실로서 기소된 공동피고인의 공판정에서의 선서없이 한 진술은 다른 피고인의 범죄사실에 대한 증거능력이 없다(78도1031).
수의계약을 체결하는 공무원이 공사업자와 계약금액을 부풀려서 계약하고 부풀린 금액을 자신이 되돌려 받기로 사전에 약정한 다음 그에 따라 수수한 돈은 성격상 뇌물이 아니고 횡령금에 해당한다.,O,"공무원이 관공서에 필요한 공사의 시행이나 물품의 구입을 위하여 수의계약을 체결하면서 해당 공사업자 등으로부터 돈을 수수한 경우, 그 돈의 성격을 공무원의 직무와 관련하여 수수된 뇌물로 볼 것인지, 아니면 적정한 금액보다 과다하게 부풀린 금액으로 계약을 체결하기로 공사업자 등과 사전 약정하여 이를 횡령(국고손실)한 것으로 볼 것인지 여부는, 돈을 공여하고 수수한 당사자들의 의사, 계약의 내용과 성격, 계약금액과 수수한 금액 사이의 비율, 수수한 돈의 액수, 그 계약이행으로 공사업자 등이 얻을 수 있는 적정한 이익, 공사업자 등이 공무원으로부터 공사대금 등을 지급받은 시기와 돈을 공무원에게 교부한 시간적 간격, 공사업자 등이 공무원에게 교부한 돈이 공무원으로부터 지급받은 바로 그 돈인지 여부, 수수한 장소와 방법 등을 종합적으로 고려하여 객관적으로 평가하여 판단해야 한다.
 수의계약을 체결하는 공무원이 해당 공사업자와 적정한 금액 이상으로 계약금액을 부풀려서 계약하고 부풀린 금액을 자신이 되돌려 받기로 사전에 약정한 다음 그에 따라 수수한 돈은 성격상 뇌물이 아니고 횡령금에 해당한다고 한 사례(2005도7112)."
참고인이 타인의 형사사건 등에 관하여 제3자와 대화를 하면서 허위로 진술하고 위와 같은 허위 진술이 담긴 대화 내용을 녹음한 녹음파일 또는 이를 녹취한 녹취록을 만들어 수사기관에 제출한 것은 증거위조죄를 구성하지 않는다.,X,"참고인이 타인의 형사사건 등에 관하여 제3자와 대화를 하면서 허위로 진술하고 위와 같은 허위 진술이 담긴 대화 내용을 녹음한 녹음파일 또는 이를 녹취한 녹취록은 참고인의 허위진술 자체 또는 참고인 작성의 허위 사실확인서 등과는 달리 그 진술내용만이 증거자료로 되는 것이 아니고 녹음 당시의 현장음향 및 제3자의 진술 등이 포함되어 있어 그 일체가 증거자료가 된다고 할 것이므로, 이는 증거위조죄에서 말하는 ‘증거’에 해당한다. 또한 위와 같이 참고인의 허위 진술이 담긴 대화 내용을 녹음한 녹음파일 또는 이를 녹취한 녹취록을 만들어 내는 행위는 무엇보다도 그 녹음의 자연스러움을 뒷받침하는 현장성이 강하여 단순한 허위진술 또는 허위의 사실확인서 등에 비하여 수사기관 등을 그 증거가치를 판단함에 있어 오도할 위험성을 현저히 증대시킨다고 할 것이므로, 이러한 행위는 허위의 증거를 새로이 작출하는 행위로서 증거위조죄에서 말하는 ‘위조’에도 해당한다고 봄이 상당하다. 따라서 참고인이 타인의 형사사건 등에 관하여 제3자와 대화를 하면서 허위로 진술하고 위와 같은 허위 진술이 담긴 대화 내용을 녹음한 녹음파일 또는 이를 녹취한 녹취록을 만들어 수사기관 등에 제출하는 것은, 참고인이 타인의 형사사건 등에 관하여 수사기관에 허위의 진술을 하거나 이와 다를 바 없는 것으로서 허위의 사실확인서나 진술서를 작성하여 수사기관 등에 제출하는 것과는 달리, 증거위조죄를 구성한다(2013도8085)."
공무상비밀누설죄에서의 ‘법령에 의한 직무상 비밀’이란 반드시 법령에 의하여 비밀로 규정되었거나 비밀로 분류 명시된 사항에 한정되지는 않는다.,O,
"무고죄에서의 ‘징계처분’은 공법상의 감독관계에서 질서유지를 위하여 과하는 신분적 제재를 의미하므로, 사립대학교 교수로 하여금 소속 학교법인에 의한 인사권의 행사로서 징계처분을 받게 할 목적으로 허위의 민원을 제기하더라도 무고죄는 성립하지 않는다.",O,
"甲의 고소 내용이 허위임이 확인되어 피고소인에 대해 불기소결정이 내려져 재판절차가 개시되지 않고 이후 甲이 무고로 기소된 사안에서, 甲이 위 허위고소로 인한 무고 재판 중 자신의 무고 범행을 자백하였다면, 甲의 위 무고죄에 대하여는 형을 감경 또는 면제하여야 한다.",O,
"<X회사 대표이사 A는 X회사의 자금 3억 원을 횡령한 혐의로 구속·기소되었다. A의 변호인 甲은 구치소에서 의뢰인 A를 접견하면서 선처를 받기 위해서는 횡령금을 모두 X회사에 반환한 것으로 해야 하는데, 반환할 돈이 없으니 A의 지인 乙의 도움을 받아서 X회사 명의의 은행계좌로 돈을 입금한 후 이를 돌려받는 이른바 ‘돌려막기 방법’을 사용하자고 했다. 며칠 후 甲은 乙을 만나 이러한 방법을 설명하고 乙을 안심시키기 위해 민·형사상 아무런 문제가 되지 않는다는 내용의 법률의견서를 작성해 주었다. 이러한 甲과 乙의 모의에 따라 乙은 5차례에 걸쳐 X회사에 돈을 입금한 후 은행으로부터 받은 입금확인증 5장(반환금 합계 3억 원)을 甲에게 전달했다. 甲은 A의 제1심 재판부에 이를 제출하면서 횡령금 전액을 X회사에 반환하였으니 선처를 해달라는 취지의 변론요지서를 제출하였고, 보석허가신청도 하였다. 이에 대해 제1심 재판부는 A에 대해 보석허가결정을 하였다.>
 증거위조죄에서 말하는 ‘증거’에는 범죄 또는 징계사유의 성립 여부에 관한 것뿐만 아니라 형 또는 징계의 경중에 관계있는 정상을 인정하는 데 도움이 될 자료까지 포함되므로, 위 사례의 입금확인증은 증거위조죄의 객체인 ‘증거’에 해당한다.",O,
"<X회사 대표이사 A는 X회사의 자금 3억 원을 횡령한 혐의로 구속·기소되었다. A의 변호인 甲은 구치소에서 의뢰인 A를 접견하면서 선처를 받기 위해서는 횡령금을 모두 X회사에 반환한 것으로 해야 하는데, 반환할 돈이 없으니 A의 지인 乙의 도움을 받아서 X회사 명의의 은행계좌로 돈을 입금한 후 이를 돌려받는 이른바 ‘돌려막기 방법’을 사용하자고 했다. 며칠 후 甲은 乙을 만나 이러한 방법을 설명하고 乙을 안심시키기 위해 민·형사상 아무런 문제가 되지 않는다는 내용의 법률의견서를 작성해 주었다. 이러한 甲과 乙의 모의에 따라 乙은 5차례에 걸쳐 X회사에 돈을 입금한 후 은행으로부터 받은 입금확인증 5장(반환금 합계 3억 원)을 甲에게 전달했다. 甲은 A의 제1심 재판부에 이를 제출하면서 횡령금 전액을 X회사에 반환하였으니 선처를 해달라는 취지의 변론요지서를 제출하였고, 보석허가신청도 하였다. 이에 대해 제1심 재판부는 A에 대해 보석허가결정을 하였다.>
 증거위조죄 성립 여부와 관련하여 증거위조죄가 규정한 ‘증거의 위조’란 ‘증거방법의 위조’를 의미하는 것이 아니므로, 위조에 해당하는지 여부는 증거방법 자체를 기준으로 하여야 하는 것이 아니라 그것을 통해 증명하려는 사실이 허위인지 진실인지 여부에 따라 결정되어야 한다.",X,"형법 제155조 제1항은 타인의 형사사건 또는 징계사건에 관한 증거를 인멸, 은닉, 위조 또는 변조하거나 위조 또는 변조한 증거를 사용한 자를 처벌하고 있고, 여기서의 ‘위조’란 문서에 관한 죄의 위조 개념과는 달리 새로운 증거의 창조를 의미한다(대법원 2007. 6. 28. 선고 2002도3600 판결 참조). 그러나 사실의 증명을 위해 작성된 문서가 그 사실에 관한 내용이나 작성명의 등에 아무런 허위가 없다면 ‘증거위조’에 해당한다고 볼 수 없다. 가사 사실증명에 관한 문서가 형사사건 또는 징계사건에서 허위의 주장에 관한 증거로 제출되어 그 주장을 뒷받침하게 되더라도 마찬가지이다. 그 이유는 다음과 같다. (중략)
 본조가 규정한 ‘증거의 위조’란 ‘증거방법의 위조’를 의미하므로, 위조에 해당하는지 여부는 증거방법 자체를 기준으로 하여야 하고 그것을 통해 증명하려는 사실이 허위인지 진실인지 여부에 따라 위조 여부가 결정되어서는 안 된다. 제출된 증거방법의 증거가치를 평가하고 이를 기초로 사실관계를 확정할 권한과 의무는 법원에 있기 때문이다(2020도2642)."
"<X회사 대표이사 A는 X회사의 자금 3억 원을 횡령한 혐의로 구속·기소되었다. A의 변호인 甲은 구치소에서 의뢰인 A를 접견하면서 선처를 받기 위해서는 횡령금을 모두 X회사에 반환한 것으로 해야 하는데, 반환할 돈이 없으니 A의 지인 乙의 도움을 받아서 X회사 명의의 은행계좌로 돈을 입금한 후 이를 돌려받는 이른바 ‘돌려막기 방법’을 사용하자고 했다. 며칠 후 甲은 乙을 만나 이러한 방법을 설명하고 乙을 안심시키기 위해 민·형사상 아무런 문제가 되지 않는다는 내용의 법률의견서를 작성해 주었다. 이러한 甲과 乙의 모의에 따라 乙은 5차례에 걸쳐 X회사에 돈을 입금한 후 은행으로부터 받은 입금확인증 5장(반환금 합계 3억 원)을 甲에게 전달했다. 甲은 A의 제1심 재판부에 이를 제출하면서 횡령금 전액을 X회사에 반환하였으니 선처를 해달라는 취지의 변론요지서를 제출하였고, 보석허가신청도 하였다. 이에 대해 제1심 재판부는 A에 대해 보석허가결정을 하였다.>
 甲과 乙에게 증거위조죄 및 위조증거사용죄가 성립하지 않는다.",O,"형법 제155조 제1항은 타인의 형사사건 또는 징계사건에 관한 증거를 인멸, 은닉, 위조 또는 변조하거나 위조 또는 변조한 증거를 사용한 자를 처벌하고 있고, 여기서의 ‘위조’란 문서에 관한 죄의 위조 개념과는 달리 새로운 증거의 창조를 의미한다(대법원 2007. 6. 28. 선고 2002도3600 판결 참조). 그러나 사실의 증명을 위해 작성된 문서가 그 사실에 관한 내용이나 작성명의 등에 아무런 허위가 없다면 ‘증거위조’에 해당한다고 볼 수 없다. 가사 사실증명에 관한 문서가 형사사건 또는 징계사건에서 허위의 주장에 관한 증거로 제출되어 그 주장을 뒷받침하게 되더라도 마찬가지이다(2020도2642)."
"<X회사 대표이사 A는 X회사의 자금 3억 원을 횡령한 혐의로 구속·기소되었다. A의 변호인 甲은 구치소에서 의뢰인 A를 접견하면서 선처를 받기 위해서는 횡령금을 모두 X회사에 반환한 것으로 해야 하는데, 반환할 돈이 없으니 A의 지인 乙의 도움을 받아서 X회사 명의의 은행계좌로 돈을 입금한 후 이를 돌려받는 이른바 ‘돌려막기 방법’을 사용하자고 했다. 며칠 후 甲은 乙을 만나 이러한 방법을 설명하고 乙을 안심시키기 위해 민·형사상 아무런 문제가 되지 않는다는 내용의 법률의견서를 작성해 주었다. 이러한 甲과 乙의 모의에 따라 乙은 5차례에 걸쳐 X회사에 돈을 입금한 후 은행으로부터 받은 입금확인증 5장(반환금 합계 3억 원)을 甲에게 전달했다. 甲은 A의 제1심 재판부에 이를 제출하면서 횡령금 전액을 X회사에 반환하였으니 선처를 해달라는 취지의 변론요지서를 제출하였고, 보석허가신청도 하였다. 이에 대해 제1심 재판부는 A에 대해 보석허가결정을 하였다.>
 甲이 乙에게 작성해 준 법률의견서는 ｢형사소송법｣ 제313조 제1항에 규정된 ‘피고인 아닌 자가 작성한 진술서나 그 진술을 기재한 서류’에 해당한다.",O,
"<X회사 대표이사 A는 X회사의 자금 3억 원을 횡령한 혐의로 구속·기소되었다. A의 변호인 甲은 구치소에서 의뢰인 A를 접견하면서 선처를 받기 위해서는 횡령금을 모두 X회사에 반환한 것으로 해야 하는데, 반환할 돈이 없으니 A의 지인 乙의 도움을 받아서 X회사 명의의 은행계좌로 돈을 입금한 후 이를 돌려받는 이른바 ‘돌려막기 방법’을 사용하자고 했다. 며칠 후 甲은 乙을 만나 이러한 방법을 설명하고 乙을 안심시키기 위해 민·형사상 아무런 문제가 되지 않는다는 내용의 법률의견서를 작성해 주었다. 이러한 甲과 乙의 모의에 따라 乙은 5차례에 걸쳐 X회사에 돈을 입금한 후 은행으로부터 받은 입금확인증 5장(반환금 합계 3억 원)을 甲에게 전달했다. 甲은 A의 제1심 재판부에 이를 제출하면서 횡령금 전액을 X회사에 반환하였으니 선처를 해달라는 취지의 변론요지서를 제출하였고, 보석허가신청도 하였다. 이에 대해 제1심 재판부는 A에 대해 보석허가결정을 하였다.>
 만일 제1심 재판부가 위와 같은 ‘돌려막기 방법’ 등의 사정이 밝혀져 A에게 보석취소결정을 내리자 甲이 보통항고를 제기한 경우에 이러한 보통항고에는 재판의 집행을 정지하는 효력이 없다.",O,"형사소송법 제403조(판결 전의 결정에 대한 항고) ①법원의 관할 또는 판결 전의 소송절차에 관한 결정에 대하여는 특히 즉시항고를 할 수 있는 경우 외에는 항고를 하지 못한다.
 ②전항의 규정은 구금, 보석, 압수나 압수물의 환부에 관한 결정 또는 감정하기 위한 피고인의 유치에 관한 결정에 적용하지 아니한다.
 제409조(보통항고와 집행정지) 항고는 즉시항고 외에는 재판의 집행을 정지하는 효력이 없다. 단, 원심법원 또는 항고법원은 결정으로 항고에 대한 결정이 있을 때까지 집행을 정지할 수 있다."
공소장변경절차에 의하여 공소사실이 변경됨에 따라 그 법정형에 차이가 있는 경우에는 변경된 공소사실에 대한 법정형이 공소시효기간의 기준이 된다.,O,
"공소장변경이 있는 경우에 공소시효의 완성 여부는 당초의 공소제기가 있었던 시점을 기준으로 판단할 것이고, 공소장 변경 시를 기준으로 삼을 것은 아니다.",O,
"｢형사소송법｣ 제253조 제2항은 공범 중 1인에 대한 공소의 제기로 다른 공범자에 대하여도 공소시효가 정지되도록 규정하고 있는데, 위 조항에서 말하는 ‘공범’에는 뇌물공여죄와 뇌물수수죄 사이와 같은 대향범 관계에 있는 자는 포함되지 않는다.",O,
"｢형사소송법｣ 제253조 제3항은 범인이 형사처분을 면할 목적으로 국외에 있는 경우 그 기간 동안 공소시효가 정지되도록 규정하고 있는데, 여기서 ‘범인이 형사처분을 면할 목적으로 국외에 있는 경우’에는 범인이 국외에서 범죄를 저지르고 형사처분을 면할 목적으로 국외에서 체류를 계속하는 경우도 포함된다.",O,
헌법 제13조 제1항이 규정하고 있는 이중처벌금지의 원칙 내지 일사부재리의 원칙에서의 ‘처벌’에는 범죄에 대한 국가의 형벌권 실행으로서의 과벌 이외에도 국가가 행하는 일체의 제재나 불이익 처분이 모두 포함된다.,X,
"상습범으로서 포괄일죄의 관계에 있는 여러 개의 범죄사실 중 일부에 대하여 유죄판결이 확정된 경우에 그 확정판결의 사실심판결 선고 전에 저질러진 나머지 범죄에 대하여 새로 공소가 제기되었다면 이에 대하여 법원은 면소판결을 선고하여야 하는바, 다만 이러한 법리가 적용되기 위해서는 전의 확정판결에서 피고인이 상습범으로 기소되어 처단되었을 것을 필요로 한다.",O,
"제1심 판결에 대하여 항소가 제기된 경우 판결의 확정력이 미치는 시간적 한계는 항소심 판결선고 시라고 보는 것이 상당하고, 항소이유서를 제출하지 아니하여 결정으로 항소가 기각된 경우에는 항소기각 결정 시가 그 기준 시점이 된다.",O,
한 개의 행위가 여러 개의 죄에 해당하는 ｢형법｣ 제40조의 상상적 경합 관계에 있는 경우에는 그중 일죄에 대한 확정판결의 기판력은 다른 죄에 미치지 않는다.,X,
증언거부권이 있는 자에게 증언거부권이 있음을 설명하지 않은 경우라도 증인이 선서하고 증언한 이상 그 증언의 효력에는 영향이 없다.,O,증인신문에 당하야 증언거부권 있음을 설명하지 아니한 경우라 할지라도 증인이 선서하고 증언한 이상 그 증언의 효력에 관하여는 역시 영향이 없고 유효하다고 해석함이 타당하다(4290형상23).
자신에 대한 유죄판결이 확정된 증인이 공범에 대한 형사사건에서 증언할 당시 앞으로 재심을 청구할 예정이라면 증인에게 ｢형사소송법｣ 제148조(근친자의 형사책임과 증언 거부)에 의한 증언거부권이 인정된다.,X,"형사소송법 제148조의 증언거부권은 헌법 제12조 제2항에 정한 불이익 진술의 강요금지 원칙을 구체화한 자기부죄거부특권에 관한 것인데, 이미 유죄의 확정판결을 받은 경우에는 헌법 제13조 제1항에 정한 일사부재리의 원칙에 의해 다시 처벌받지 아니하므로 자신에 대한 유죄판결이 확정된 증인은 공범에 대한 사건에서 증언을 거부할 수 없고, 설령 증인이 자신에 대한 형사사건에서 시종일관 범행을 부인하였더라도 그러한 사정만으로 증인이 진실대로 진술할 것을 기대할 수 있는 가능성이 없는 경우에 해당한다고 할 수 없으므로 허위의 진술에 대하여 위증죄 성립을 부정할 수 없다. 한편 자신에 대한 유죄판결이 확정된 증인이 재심을 청구한다 하더라도, 이미 유죄의 확정판결이 있는 사실에 대해서는 일사부재리의 원칙에 의하여 거듭 처벌받지 않는다는 점에 변함이 없고, 형사소송법상 피고인의 불이익을 위한 재심청구는 허용되지 아니하며(형사소송법 제420조), 재심사건에는 불이익변경 금지 원칙이 적용되어 원판결의 형보다 중한 형을 선고하지 못하므로(형사소송법 제439조), 자신의 유죄 확정판결에 대하여 재심을 청구한 증인에게 증언의무를 부과하는 것이 형사소추 또는 공소제기를 당하거나 유죄판결을 받을 사실이 발로(發露)될 염려 있는 증언을 강제하는 것이라고 볼 수는 없다. 따라서 자신에 대한 유죄판결이 확정된 증인이 공범에 대한 피고사건에서 증언할 당시 앞으로 재심을 청구할 예정이라고 하여도, 이를 이유로 증인에게 형사소송법 제148조에 의한 증언거부권이 인정되지는 않는다(2011도11994)."
"변호사는 그 업무상 위탁을 받은 관계로 알게 된 사실로서 타인의 비밀에 관한 것은 증언을 거부할 수 있고, 다만 본인의 승낙이 있거나 중대한 공익상 필요가 있는 때에는 그러하지 아니하다.",O,
증언거부사유가 있음에도 형사사건의 증인이 증언거부권을 고지받지 못함으로 인하여 그 증언거부권을 행사하는 데 사실상 장애가 초래되었다고 볼 수 있는 경우에는 위증죄가 성립하지 않는다.,O,"증언거부권 제도는 증인에게 증언의무의 이행을 거절할 수 있는 권리를 부여한 것이고, 형사소송법상 증언거부권의 고지 제도는 증인에게 그러한 권리의 존재를 확인시켜 침묵할 것인지 아니면 진술할 것인지에 관하여 심사숙고할 기회를 충분히 부여함으로써 침묵할 수 있는 권리를 보장하기 위한 것임을 감안할 때, 재판장이 신문 전에 증인에게 증언거부권을 고지하지 않은 경우에도 당해 사건에서 증언 당시 증인이 처한 구체적인 상황, 증언거부사유의 내용, 증인이 증언거부사유 또는 증언거부권의 존재를 이미 알고 있었는지 여부, 증언거부권을 고지 받았더라도 허위진술을 하였을 것이라고 볼 만한 정황이 있는지 등을 전체적·종합적으로 고려하여 증인이 침묵하지 아니하고 진술한 것이 자신의 진정한 의사에 의한 것인지 여부를 기준으로 위증죄의 성립 여부를 판단하여야 한다. 그러므로 헌법 제12조 제2항에 정한 불이익 진술의 강요금지 원칙을 구체화한 자기부죄거부특권에 관한 것이거나 기타 증언거부사유가 있음에도 증인이 증언거부권을 고지받지 못함으로 인하여 그 증언거부권을 행사하는 데 사실상 장애가 초래되었다고 볼 수 있는 경우에는 위증죄의 성립을 부정하여야 할 것이다(2008도942)."
소송절차가 분리된 공범인 공동피고인이 증인으로 법정에 출석하여 증언거부권을 고지받은 상태에서 자기의 범죄사실에 대하여 허위로 진술한 경우 위증죄가 성립한다.,O,
변호인 선임에 관한 서면을 제출하지 않았지만 변호인이 되려는 의사를 표시하고 객관적으로 변호인이 될 가능성이 있는 경우에 이와 같이 변호인이 되려는 자에게도 피의자를 접견할 권한이 있기 때문에 수사기관이 정당한 이유 없이 접견을 거부해서는 안된다.,O,
"피압수자가 수사기관에 압수·수색영장의 집행에 참여하지 않는다는 의사를 명시한 경우에 그 변호인에게 ｢형사소송법｣ 제219조, 제122조의 영장집행과 참여권자에 대한 통지 규정에 따라 미리 집행의 일시와 장소를 통지하는 등으로 압수·수색영장의 집행에 참여할 기회를 별도로 보장하여야 하는 것은 아니다.",X,
수사기관이 피의자신문 시 정당한 사유가 없음에도 변호인 참여를 거부하는 처분을 하는 경우에 변호인은 준항고를 할 수 있다.,O,"형사소송법 제417조(준항고) 검사 또는 사법경찰관의 구금, 압수 또는 압수물의 환부에 관한 처분과 제243조의2에 따른 변호인의 참여 등에 관한 처분에 대하여 불복이 있으면 그 직무집행지의 관할법원 또는 검사의 소속검찰청에 대응한 법원에 그 처분의 취소 또는 변경을 청구할 수 있다."
피의자 또는 그 변호인은 검사 또는 사법경찰관이 수사 중인 사건에 관한 본인의 진술이 기재된 부분 및 본인이 제출한 서류의 전부 또는 일부에 대한 열람·복사를 신청할 수 있다.,O,
"직권으로 국선변호인을 선정하여야 하는 사유 중 하나인 ｢형사소송법｣ 제33조 제1항 제1호의 ‘피고인이 구속된 때’라고 함은 피고인이 당해 형사사건에서 구속되어 재판을 받고 있는 경우를 의미하고, 피고인이 별건으로 구속되어 있거나 다른 형사사건에서 유죄로 확정되어 수형 중인 경우는 이에 해당하지 아니한다.",X,"형사소송법 제33조 제1항 제1호의 문언, 위 법률조항의 입법 과정에서 고려된 ‘신체의 자유’, ‘변호인의 조력을 받을 권리’, ‘공정한 재판을 받을 권리’ 등 헌법상 기본권 규정의 취지와 정신 및 입법 목적 그리고 피고인이 처한 입장 등을 종합하여 보면, 형사소송법 제33조 제1항 제1호의 ‘피고인이 구속된 때’란 피고인이 해당 형사사건에서 구속되어 재판을 받고 있는 경우에 한정된다고 볼 수 없고, 피고인이 별건으로 구속영장이 발부되어 집행되거나 다른 형사사건에서 유죄판결이 확정되어 그 판결의 집행으로 구금 상태에 있는 경우 또한 포괄하고 있다고 보아야 한다(2021도6357)."
"<유흥주점의 지배인 甲은 피해자 A로부터 신용카드를 강취하고 신용카드 비밀번호를 알아냈다. 甲은 위 주점 직원 乙, 丙과 모의하면서, 자신은 주점에서 A를 붙잡아 두면서 감시하고, 乙과 丙은 위 신용카드를 이용하여 인근 편의점에 있는 현금자동지급기에서 300만 원의 예금을 인출하기로 하였다. 그에 따라 甲이 A를 감시하는 동안 乙과 丙은 위 편의점에 있는 현금자동지급기에 신용카드를 넣고 비밀번호를 입력하여 300만 원의 예금을 인출하였고, 이를 甲, 乙, 丙 각자 100만 원씩 분배하였다. 결국 甲, 乙, 丙은 특수(합동)절도죄로 공소제기되었는데, 甲은 법정에서 범행을 부인하였으나, 甲의 공동피고인 乙과 丙은 법정에서 범행을 자백하였다.>
 甲이 합동절도의 범행 공모에는 참여하였으나 현장에서 절도의 실행행위를 직접 분담하지 않았더라도, 그가 현장에서 절도 범행을 실행한 乙과 丙의 행위를 자기 의사의 수단으로 하여 합동절도의 범행을 하였다고 평가할 수 있는 정범성의 표지를 갖추고 있다면, 甲에 대하여도 합동절도의 공동정범이 성립될 수 있다.",O,
"<유흥주점의 지배인 甲은 피해자 A로부터 신용카드를 강취하고 신용카드 비밀번호를 알아냈다. 甲은 위 주점 직원 乙, 丙과 모의하면서, 자신은 주점에서 A를 붙잡아 두면서 감시하고, 乙과 丙은 위 신용카드를 이용하여 인근 편의점에 있는 현금자동지급기에서 300만 원의 예금을 인출하기로 하였다. 그에 따라 甲이 A를 감시하는 동안 乙과 丙은 위 편의점에 있는 현금자동지급기에 신용카드를 넣고 비밀번호를 입력하여 300만 원의 예금을 인출하였고, 이를 甲, 乙, 丙 각자 100만 원씩 분배하였다. 결국 甲, 乙, 丙은 특수(합동)절도죄로 공소제기되었는데, 甲은 법정에서 범행을 부인하였으나, 甲의 공동피고인 乙과 丙은 법정에서 범행을 자백하였다.>
 만약 위 주점 지배인 甲이 종업원 乙, 丙과 함께 단골손님 A로부터 신용카드를 갈취해 현금을 인출하기로 모의하였고, 甲의 지시를 받은 乙과 丙은 늦은 저녁 한적한 골목길에서 A로부터 신용카드를 갈취하고 비밀번호를 알아내 甲이 일러준 편의점 현금자동지급기에서 300만 원의 예금을 인출하였으며, 이를 甲, 乙, 丙 각자 100만 원씩 분배하였다면, 범죄 장소에 가지 않은 甲에게 폭력행위등처벌등에관한법률위반(공동공갈)의 공동정범은 인정될 여지가 없다.",X,
"<유흥주점의 지배인 甲은 피해자 A로부터 신용카드를 강취하고 신용카드 비밀번호를 알아냈다. 甲은 위 주점 직원 乙, 丙과 모의하면서, 자신은 주점에서 A를 붙잡아 두면서 감시하고, 乙과 丙은 위 신용카드를 이용하여 인근 편의점에 있는 현금자동지급기에서 300만 원의 예금을 인출하기로 하였다. 그에 따라 甲이 A를 감시하는 동안 乙과 丙은 위 편의점에 있는 현금자동지급기에 신용카드를 넣고 비밀번호를 입력하여 300만 원의 예금을 인출하였고, 이를 甲, 乙, 丙 각자 100만 원씩 분배하였다. 결국 甲, 乙, 丙은 특수(합동)절도죄로 공소제기되었는데, 甲은 법정에서 범행을 부인하였으나, 甲의 공동피고인 乙과 丙은 법정에서 범행을 자백하였다.>
 공범인 공동피고인 乙, 丙의 법정에서의 자백은 소송절차를 분리하여 증인신문하는 절차를 거치지 않았더라도 甲에 대하여 증거능력이 인정된다.",O,
"<유흥주점의 지배인 甲은 피해자 A로부터 신용카드를 강취하고 신용카드 비밀번호를 알아냈다. 甲은 위 주점 직원 乙, 丙과 모의하면서, 자신은 주점에서 A를 붙잡아 두면서 감시하고, 乙과 丙은 위 신용카드를 이용하여 인근 편의점에 있는 현금자동지급기에서 300만 원의 예금을 인출하기로 하였다. 그에 따라 甲이 A를 감시하는 동안 乙과 丙은 위 편의점에 있는 현금자동지급기에 신용카드를 넣고 비밀번호를 입력하여 300만 원의 예금을 인출하였고, 이를 甲, 乙, 丙 각자 100만 원씩 분배하였다. 결국 甲, 乙, 丙은 특수(합동)절도죄로 공소제기되었는데, 甲은 법정에서 범행을 부인하였으나, 甲의 공동피고인 乙과 丙은 법정에서 범행을 자백하였다.>
 만약 위 사례에서 甲이 범행을 자백하였고, 甲이 범행을 자인하는 것을 들었다는 피고인 아닌 제3자의 진술이 있다면, 이는 ｢형사소송법｣ 제310조의 피고인 자백에는 포함되지 아니하므로 甲의 자백에 대한 보강증거가 될 수 있다.",X,
"<甲은 회식 자리에서 직원 A의 옆에 앉아 술을 마시며 대화하던 중 오른손으로 갑자기 A의 엉덩이 부위를 옷 위로 쓰다듬었다. 그 자리에 있던 동료 직원 B는 수사기관에 참고인으로 출석하여 “甲이 A의 엉덩이 부위를 쓰다듬어 A가 매우 놀라며 황급히 일어나 밖으로 나가는 것을 보았다.”라고 진술하였다. 결국 甲은 A를 위와 같이 강제추행하였다는 공소사실로 기소되었는데, A는 제2회 공판기일 법정에서 甲으로부터 위와 같이 강제추행을 당하였다고 증언하였고, 동료 직원 B는 같은 공판기일 법정에 출석하였으나 증언거부사유가 없음에도 증언을 거부하였으며, 다른 동료 직원 C는 같은 공판기일 법정에서 “이 사건 다음 날 A로부터 ‘甲에게 추행을 당했다’는 말을 들었다.”라고 증언하였다.>
 강제추행죄에는 폭행행위 자체가 추행행위라고 인정되는 이른바 기습추행의 경우도 포함되고, 기습추행에 있어서의 폭행행위는 반드시 상대방의 의사를 억압할 정도의 것임을 요하지 않고 상대방의 의사에 반하는 유형력의 행사가 있기만 하면 그 힘의 대소강약을 불문한다.",O,
"<甲은 회식 자리에서 직원 A의 옆에 앉아 술을 마시며 대화하던 중 오른손으로 갑자기 A의 엉덩이 부위를 옷 위로 쓰다듬었다. 그 자리에 있던 동료 직원 B는 수사기관에 참고인으로 출석하여 “甲이 A의 엉덩이 부위를 쓰다듬어 A가 매우 놀라며 황급히 일어나 밖으로 나가는 것을 보았다.”라고 진술하였다. 결국 甲은 A를 위와 같이 강제추행하였다는 공소사실로 기소되었는데, A는 제2회 공판기일 법정에서 甲으로부터 위와 같이 강제추행을 당하였다고 증언하였고, 동료 직원 B는 같은 공판기일 법정에 출석하였으나 증언거부사유가 없음에도 증언을 거부하였으며, 다른 동료 직원 C는 같은 공판기일 법정에서 “이 사건 다음 날 A로부터 ‘甲에게 추행을 당했다’는 말을 들었다.”라고 증언하였다.>
 B가 정당하게 증언거부권을 행사한 것이 아니라고 하더라도 甲이 증언거부 상황을 초래하였다는 등의 특별한 사정이 없다면 B의 증언거부는 ｢형사소송법｣ 제314조의 ‘그 밖에 이에 준하는 사유로 인하여 진술할 수 없는 때’에 해당하지 않는다.",O,
"<甲은 회식 자리에서 직원 A의 옆에 앉아 술을 마시며 대화하던 중 오른손으로 갑자기 A의 엉덩이 부위를 옷 위로 쓰다듬었다. 그 자리에 있던 동료 직원 B는 수사기관에 참고인으로 출석하여 “甲이 A의 엉덩이 부위를 쓰다듬어 A가 매우 놀라며 황급히 일어나 밖으로 나가는 것을 보았다.”라고 진술하였다. 결국 甲은 A를 위와 같이 강제추행하였다는 공소사실로 기소되었는데, A는 제2회 공판기일 법정에서 甲으로부터 위와 같이 강제추행을 당하였다고 증언하였고, 동료 직원 B는 같은 공판기일 법정에 출석하였으나 증언거부사유가 없음에도 증언을 거부하였으며, 다른 동료 직원 C는 같은 공판기일 법정에서 “이 사건 다음 날 A로부터 ‘甲에게 추행을 당했다’는 말을 들었다.”라고 증언하였다.>
 ｢형사소송법｣ 제297조(피고인등의 퇴정)의 규정에 따라 재판장은 증인 A가 피고인 甲의 면전에서 충분한 진술을 할 수 없다고 인정한 때에는 피고인을 퇴정하게 하고 증인신문을 진행함으로써 피고인의 직접적인 증인 대면을 제한할 수 있지만, 이러한 경우 피고인의 반대신문권까지 배제하는 것은 허용될 수 없다.",O,
"<甲은 회식 자리에서 직원 A의 옆에 앉아 술을 마시며 대화하던 중 오른손으로 갑자기 A의 엉덩이 부위를 옷 위로 쓰다듬었다. 그 자리에 있던 동료 직원 B는 수사기관에 참고인으로 출석하여 “甲이 A의 엉덩이 부위를 쓰다듬어 A가 매우 놀라며 황급히 일어나 밖으로 나가는 것을 보았다.”라고 진술하였다. 결국 甲은 A를 위와 같이 강제추행하였다는 공소사실로 기소되었는데, A는 제2회 공판기일 법정에서 甲으로부터 위와 같이 강제추행을 당하였다고 증언하였고, 동료 직원 B는 같은 공판기일 법정에 출석하였으나 증언거부사유가 없음에도 증언을 거부하였으며, 다른 동료 직원 C는 같은 공판기일 법정에서 “이 사건 다음 날 A로부터 ‘甲에게 추행을 당했다’는 말을 들었다.”라고 증언하였다.>
 C가 법정에서 한 증언은 원진술자인 A가 법정에 증인으로 출석하였으므로 ｢형사소송법｣ 제316조 제2항의 요건이 충족되지 않아 피고인 甲의 증거동의가 없는 이상 증거능력이 없다.",O,
피고인이 출석한 공판기일에서 증거로 함에 부동의한 경우에는 그 후 피고인이 출석하지 아니한 공판기일에 변호인만 출석하여 종전 의견을 번복하여 증거로 함에 동의하였더라도 효력이 없다.,O,
개개의 증거에 대하여 개별적으로 증거동의를 받지 아니하고 검사가 제시한 모든 증거에 대하여 피고인이 증거로 함에 동의한다는 방식으로 증거동의가 이루어진 것일지라도 증거동의로서의 효력을 부정할 이유가 되지 못한다.,O,82도2873.
｢형사소송법｣ 제184조에 의한 증거보전절차에서 증인신문을 하는 경우 피의자에게 증인신문에 참여할 수 있는 기회를 주지 아니하고 작성된 증인신문조서는 피의자였던 피고인이 법정에서 그 증인신문조서를 증거로 할 수 있음에 동의하여 별다른 이의 없이 적법하게 증거조사를 거친 경우라 하더라도 증거능력이 부여되지 않는다.,X,"판사가 형사소송법 제184조에 의한 증거보전절차로 증인신문을 하는 경우에는 동법 제221조의2에 의한 증인신문의 경우와는 달라 동법 제163조에 따라 검사, 피의자 또는 변호인에게 증인신문의 시일과 장소를 미리 통지하여 증인신문에 참여할 수 있는 기회를 주어야 하나 참여의 기회를 주지 아니한 경우라도 피고인과 변호인이 증인신문조서를 증거로 할 수 있음에 동의하여 별다른 이의없이 적법하게 증거조사를 거친 경우에는 위 증인신문조서는 증인신문절차가 위법하였는지의 여부에 관계없이 증거능력이 부여된다(86도1646)."
"증거동의의 의사표시는 증거조사가 완료되기 전까지 철회할 수 있으나, 일단 증거조사가 완료된 뒤에는 철회가 인정되지 아니하므로 제1심에서 한 증거동의를 제2심에서 철회할 수 없다.",O,
"피고인의 출정없이 증거조사를 할 수 있는 경우에 피고인이 출정하지 아니한 때에는 ｢형사소송법｣ 제318조 제1항의 증거동의가 있는 것으로 간주되지만, 대리인 또는 변호인이 출정한 때에는 그러하지 아니하다.",O,
"<甲은 자신의 소유 부동산에 근저당권설정등기를 해 주고 A로부터 돈을 빌렸다. 그 후 甲은 사업자금이 더 필요해지자 A에게 근저당권설정등기를 해 주기 1주일 전에 인터넷을 통하여 열람·출력한 등기사항전부증명서 하단의 열람 일시 부분을 수정 테이프로 지우고 복사한 것을 B에게 보여 주면서 “사업자금으로 한 달만 1억 원을 빌려 달라. 만일 한 달 후 돈을 갚지 못하면 내가 소유하고 있는 부동산에 근저당권을 설정해 주겠다.”라고 말했다. 이에 속은 B는 해당 부동산에 충분한 담보가치가 있는 것으로 믿고 甲에게 1억 원을 빌려 주었다. 그러나 B는 변제기일까지 차용금을 변제받지 못하고 A의 선순위근저당권으로 인해 甲 소유 부동산은 담보가치가 거의 없다는 사실을 알게 되자 甲을 고소하였다.>
 에게 제시한 위 등기사항전부증명서는 복사한 문서로서 열람 일시가 지워져 있다는 점을 확인하지 못한 책임이 B에게 있으므로 甲에게 사기죄는 성립하지 않는다.",X,"사기죄가 성립하기 위해서는 기망행위와 상대방의 착오 및 재물의 교부 또는 재산상의 이익의 공여와의 사이에 순차적인 인과관계가 있어야 하지만, 착오에 빠진 원인 중에 피기망자 측에 과실이 있는 경우에도 사기죄가 성립한다(2008도1697)."
"<甲은 자신의 소유 부동산에 근저당권설정등기를 해 주고 A로부터 돈을 빌렸다. 그 후 甲은 사업자금이 더 필요해지자 A에게 근저당권설정등기를 해 주기 1주일 전에 인터넷을 통하여 열람·출력한 등기사항전부증명서 하단의 열람 일시 부분을 수정 테이프로 지우고 복사한 것을 B에게 보여 주면서 “사업자금으로 한 달만 1억 원을 빌려 달라. 만일 한 달 후 돈을 갚지 못하면 내가 소유하고 있는 부동산에 근저당권을 설정해 주겠다.”라고 말했다. 이에 속은 B는 해당 부동산에 충분한 담보가치가 있는 것으로 믿고 甲에게 1억 원을 빌려 주었다. 그러나 B는 변제기일까지 차용금을 변제받지 못하고 A의 선순위근저당권으로 인해 甲 소유 부동산은 담보가치가 거의 없다는 사실을 알게 되자 甲을 고소하였다.>
 등기사항전부증명서의 열람 일시는 등기부상 권리관계의 기준 일시를 나타내는 역할을 하므로 甲에게 공문서변조 및 동행사죄가 성립한다.",O,
"<甲은 자신의 소유 부동산에 근저당권설정등기를 해 주고 A로부터 돈을 빌렸다. 그 후 甲은 사업자금이 더 필요해지자 A에게 근저당권설정등기를 해 주기 1주일 전에 인터넷을 통하여 열람·출력한 등기사항전부증명서 하단의 열람 일시 부분을 수정 테이프로 지우고 복사한 것을 B에게 보여 주면서 “사업자금으로 한 달만 1억 원을 빌려 달라. 만일 한 달 후 돈을 갚지 못하면 내가 소유하고 있는 부동산에 근저당권을 설정해 주겠다.”라고 말했다. 이에 속은 B는 해당 부동산에 충분한 담보가치가 있는 것으로 믿고 甲에게 1억 원을 빌려 주었다. 그러나 B는 변제기일까지 차용금을 변제받지 못하고 A의 선순위근저당권으로 인해 甲 소유 부동산은 담보가치가 거의 없다는 사실을 알게 되자 甲을 고소하였다.>
 만일 B가 甲을 고소한 후 차용금 1억 원을 곧바로 변제받아 甲에 대한 고소를 취소하고자 한다면 공소제기 전에는 고소사건을 담당하는 수사기관에, 공소제기 후에는 고소사건의 수소법원에 대하여 하여야 한다.",O,
"<甲은 자신의 소유 부동산에 근저당권설정등기를 해 주고 A로부터 돈을 빌렸다. 그 후 甲은 사업자금이 더 필요해지자 A에게 근저당권설정등기를 해 주기 1주일 전에 인터넷을 통하여 열람·출력한 등기사항전부증명서 하단의 열람 일시 부분을 수정 테이프로 지우고 복사한 것을 B에게 보여 주면서 “사업자금으로 한 달만 1억 원을 빌려 달라. 만일 한 달 후 돈을 갚지 못하면 내가 소유하고 있는 부동산에 근저당권을 설정해 주겠다.”라고 말했다. 이에 속은 B는 해당 부동산에 충분한 담보가치가 있는 것으로 믿고 甲에게 1억 원을 빌려 주었다. 그러나 B는 변제기일까지 차용금을 변제받지 못하고 A의 선순위근저당권으로 인해 甲 소유 부동산은 담보가치가 거의 없다는 사실을 알게 되자 甲을 고소하였다.>
 만일 제1심 재판부가 甲에게 사기죄, 공문서변조 및 동행사죄에 대해 유죄를 인정하여 징역 1년을 선고하자 甲만 항소한 경우에 항소심이 甲에 대하여 제1심이 유죄로 인정한 공문서변조 및 동행사의 범죄사실을 무죄로 인정하면서 제1심과 동일한 징역 1년을 선고하였다면 이는 ｢형사소송법｣ 제368조 소정의 불이익변경금지 원칙에 위배된다.",X,
"<甲은 혈중알코올농도 0.12%의 술에 취한 상태로 승용차를 운전하다가 편도 2차선 도로에서 중앙선을 침범한 과실로 다른 승용차를 충격하여 상대 차량 운전자인 A에게 상해를 입혔다. 교통사고로 인한 부상자들은 구급차에 실려 병원으로 후송되었는데, 甲은 의식이 없는 상태에 있었다. 교통사고 신고를 받은 사법경찰관 P는 교통사고 현장을 점검하고, 곧바로 甲이 치료를 받고 있는 병원으로 출동하였으며, 甲의 신체나 의복류에 술 냄새가 강하게 나서 甲이 음주운전을 하다가 교통사고를 낸 것으로 보고 甲의 병원 후송 직후에 그에 관한 증거를 수집하고자 한다.>
 만약 甲이 교통사고 당시 음주의 영향으로 정상적인 운전이 곤란한 상태였음이 인정된다면, 甲은 도로교통법위반(음주운전) 및 특정범죄가중처벌등에관한법률위반(위험운전치상)의 죄책을 지게 되고, 양 죄는 상상적 경합 관계에 있다.",X,실체적 경합 관계임.
"<甲은 혈중알코올농도 0.12%의 술에 취한 상태로 승용차를 운전하다가 편도 2차선 도로에서 중앙선을 침범한 과실로 다른 승용차를 충격하여 상대 차량 운전자인 A에게 상해를 입혔다. 교통사고로 인한 부상자들은 구급차에 실려 병원으로 후송되었는데, 甲은 의식이 없는 상태에 있었다. 교통사고 신고를 받은 사법경찰관 P는 교통사고 현장을 점검하고, 곧바로 甲이 치료를 받고 있는 병원으로 출동하였으며, 甲의 신체나 의복류에 술 냄새가 강하게 나서 甲이 음주운전을 하다가 교통사고를 낸 것으로 보고 甲의 병원 후송 직후에 그에 관한 증거를 수집하고자 한다.>
 만약 甲이 위 혈중알코올농도(0.12%)에도 불구하고 교통사고 당시 음주의 영향으로 정상적인 운전이 곤란한 상태였음이 인정되지 않고, 수사기관에 피해자 A의 甲에 대한 처벌불원서가 제출되었다면, 검사는 교통사고처리특례법위반(치상)의 점에 대하여는 공소를 제기할 수 없다.",X,"교통사고처리 특례법 제3조(처벌의 특례) ① 차의 운전자가 교통사고로 인하여 「형법」 제268조의 죄를 범한 경우에는 5년 이하의 금고 또는 2천만원 이하의 벌금에 처한다.
 ② 차의 교통으로 제1항의 죄 중 업무상과실치상죄(業務上過失致傷罪) 또는 중과실치상죄(重過失致傷罪)와 「도로교통법」 제151조의 죄를 범한 운전자에 대하여는 피해자의 명시적인 의사에 반하여 공소(公訴)를 제기할 수 없다. 다만, 차의 운전자가 제1항의 죄 중 업무상과실치상죄 또는 중과실치상죄를 범하고도 피해자를 구호(救護)하는 등 「도로교통법」 제54조제1항에 따른 조치를 하지 아니하고 도주하거나 피해자를 사고 장소로부터 옮겨 유기(遺棄)하고 도주한 경우, 같은 죄를 범하고 「도로교통법」 제44조제2항을 위반하여 음주측정 요구에 따르지 아니한 경우(운전자가 채혈 측정을 요청하거나 동의한 경우는 제외한다)와 다음 각 호의 어느 하나에 해당하는 행위로 인하여 같은 죄를 범한 경우에는 그러하지 아니하다.
 2. 「도로교통법」 제13조제3항을 위반하여 중앙선을 침범하거나 같은 법 제62조를 위반하여 횡단, 유턴 또는 후진한 경우
 8. 「도로교통법」 제44조제1항을 위반하여 술에 취한 상태에서 운전을 하거나 같은 법 제45조를 위반하여 약물의 영향으로 정상적으로 운전하지 못할 우려가 있는 상태에서 운전한 경우
 도로교통법 제44조(술에 취한 상태에서의 운전 금지) ① 누구든지 술에 취한 상태에서 자동차등(「건설기계관리법」 제26조제1항 단서에 따른 건설기계 외의 건설기계를 포함한다. 이하 이 조, 제45조, 제47조, 제50조의3, 제93조제1항제1호부터 제4호까지 및 제148조의2에서 같다), 노면전차 또는 자전거를 운전하여서는 아니 된다.
 ④ 제1항에 따라 운전이 금지되는 술에 취한 상태의 기준은 운전자의 혈중알코올농도가 ""0.03퍼센트 이상""인 경우로 한다."
"<甲은 혈중알코올농도 0.12%의 술에 취한 상태로 승용차를 운전하다가 편도 2차선 도로에서 중앙선을 침범한 과실로 다른 승용차를 충격하여 상대 차량 운전자인 A에게 상해를 입혔다. 교통사고로 인한 부상자들은 구급차에 실려 병원으로 후송되었는데, 甲은 의식이 없는 상태에 있었다. 교통사고 신고를 받은 사법경찰관 P는 교통사고 현장을 점검하고, 곧바로 甲이 치료를 받고 있는 병원으로 출동하였으며, 甲의 신체나 의복류에 술 냄새가 강하게 나서 甲이 음주운전을 하다가 교통사고를 낸 것으로 보고 甲의 병원 후송 직후에 그에 관한 증거를 수집하고자 한다.>
 호흡조사에 의한 甲의 음주측정이 불가능하고 혈액채취에 대한 동의를 받을 수도 없을 뿐만 아니라 법원으로부터 혈액채취에 관한 감정처분허가장이나 압수영장을 발부받을 시간적 여유가 없는 경우에 P는 교통사고 발생시각으로부터 사회통념상 범행직후라고 볼 수 있는 시간 내에 증거수집을 위해 ｢의료법｣상 의료인의 자격이 있는 자로 하여금 의료용 기구로 의학적인 방법에 따라 필요최소한의 혈액을 채취하게 하여 이를 압수할 수 있는데, 다만 이때에는 사후에 압수영장을 발부받아야 한다.",O,"음주운전 중 교통사고를 야기한 후 피의자가 의식불명 상태에 빠져 있는 등으로 도로교통법이 음주운전의 제1차적 수사방법으로 규정한 호흡조사에 의한 음주측정이 불가능하고 혈액 채취에 대한 동의를 받을 수도 없을 뿐만 아니라 법원으로부터 혈액 채취에 대한 감정처분허가장이나 사전 압수영장을 발부받을 시간적 여유도 없는 긴급한 상황이 생길 수 있다. 이러한 경우 피의자의 신체 내지 의복류에 주취로 인한 냄새가 강하게 나는 등 형사소송법 제211조 제2항 제3호가 정하는 범죄의 증적이 현저한 준현행범인의 요건이 갖추어져 있고 교통사고 발생 시각으로부터 사회통념상 범행 직후라고 볼 수 있는 시간 내라면, 피의자의 생명·신체를 구조하기 위하여 사고현장으로부터 곧바로 후송된 병원 응급실 등의 장소는 형사소송법 제216조 제3항의 범죄 장소에 준한다 할 것이므로, 검사 또는 사법경찰관은 피의자의 혈중알코올농도 등 증거의 수집을 위하여 의료법상 의료인의 자격이 있는 자로 하여금 의료용 기구로 의학적인 방법에 따라 필요최소한의 한도 내에서 피의자의 혈액을 채취하게 한 후 그 혈액을 영장 없이 압수할 수 있다. 다만 이 경우에도 형사소송법 제216조 제3항 단서, 형사소송규칙 제58조, 제107조 제1항 제3호에 따라 사후에 지체 없이 강제채혈에 의한 압수의 사유 등을 기재한 영장청구서에 의하여 법원으로부터 압수영장을 받아야 한다(2011도15258)."
"<甲은 혈중알코올농도 0.12%의 술에 취한 상태로 승용차를 운전하다가 편도 2차선 도로에서 중앙선을 침범한 과실로 다른 승용차를 충격하여 상대 차량 운전자인 A에게 상해를 입혔다. 교통사고로 인한 부상자들은 구급차에 실려 병원으로 후송되었는데, 甲은 의식이 없는 상태에 있었다. 교통사고 신고를 받은 사법경찰관 P는 교통사고 현장을 점검하고, 곧바로 甲이 치료를 받고 있는 병원으로 출동하였으며, 甲의 신체나 의복류에 술 냄새가 강하게 나서 甲이 음주운전을 하다가 교통사고를 낸 것으로 보고 甲의 병원 후송 직후에 그에 관한 증거를 수집하고자 한다.>
 만약 P가 교통사고 소식을 듣고 달려온 甲의 배우자 동의를 받아 ｢의료법｣상 의료인의 자격이 있는 자로 하여금 甲의 혈액을 채취하도록 하였다면 사후에 압수영장을 발부받았는지 여부와 상관없이 이는 적법한 수사이다.",X,
"<甲은 혈중알코올농도 0.12%의 술에 취한 상태로 승용차를 운전하다가 편도 2차선 도로에서 중앙선을 침범한 과실로 다른 승용차를 충격하여 상대 차량 운전자인 A에게 상해를 입혔다. 교통사고로 인한 부상자들은 구급차에 실려 병원으로 후송되었는데, 甲은 의식이 없는 상태에 있었다. 교통사고 신고를 받은 사법경찰관 P는 교통사고 현장을 점검하고, 곧바로 甲이 치료를 받고 있는 병원으로 출동하였으며, 甲의 신체나 의복류에 술 냄새가 강하게 나서 甲이 음주운전을 하다가 교통사고를 낸 것으로 보고 甲의 병원 후송 직후에 그에 관한 증거를 수집하고자 한다.>
 강제채혈에 비해 강제채뇨는 피의자에게 더 큰 신체적 고통이나 수치심, 굴욕감을 줄 수 있으므로, 수사기관이 범죄증거를 수집할 목적으로 피의자의 동의 없이 피의자의 소변을 채취하는 것은 법원으로부터 감정처분허가장을 받아 ‘감정에 필요한 처분’으로는 할 수 있지만, 압수·수색영장을 받아 ‘압수·수색의 방법’으로는 할 수 없다.",X,"수사기관이 범죄 증거를 수집할 목적으로 피의자의 동의 없이 피의자의 소변을 채취하는 것은 법원으로부터 감정허가장을 받아 형사소송법 제221조의4 제1항, 제173조 제1항에서 정한 ‘감정에 필요한 처분’으로 할 수 있지만(피의자를 병원 등에 유치할 필요가 있는 경우에는 형사소송법 제221조의3에 따라 법원으로부터 감정유치장을 받아야 한다), 형사소송법 제219조, 제106조 제1항, 제109조에 따른 압수·수색의 방법으로도 할 수 있다. 이러한 압수·수색의 경우에도 수사기관은 원칙적으로 형사소송법 제215조에 따라 판사로부터 압수·수색영장을 적법하게 발부받아 집행해야 한다(2018도6219)."
법원이 선임한 부재자 재산관리인이 그 관리대상인 부재자의 재산에 대한 범죄행위에 관하여 법원으로부터 고소권 행사에 관한 허가를 얻은 경우 부재자 재산관리인은 ｢형사소송법｣ 제225조 제1항에서 정한 법정대리인으로서 적법한 고소권자에 해당한다.,O,
"고소에 있어서 범죄사실의 특정 정도는 고소인의 의사가 수사기관에 대하여 일정한 범죄사실을 지정신고하여 범인의 소추처벌을 구하는 의사표시가 있었다고 볼 수 있을 정도면 충분하며, 범인의 성명이 불명이거나 범행의 일시·장소·방법 등이 명확하지 않다고 하더라도 그 효력에는 아무 영향이 없다.",O,
｢민법｣상 행위능력이 없는 사람이라도 피해를 입은 사실을 이해하고 고소에 따른 사회생활상의 이해관계를 알아차릴 수 있는 사실상의 의사능력을 갖추었다면 고소능력이 인정된다.,O,"고소를 할 때는 소송행위능력, 즉 고소능력이 있어야 하나, 고소능력은 피해를 입은 사실을 이해하고 고소에 따른 사회생활상의 이해관계를 알아차릴 수 있는 사실상의 의사능력으로 충분하므로, 민법상 행위능력이 없는 사람이라도 위와 같은 능력을 갖추었다면 고소능력이 인정된다(2011도4451)."
"피해자의 법정대리인은 피해자의 고소권 소멸 여부에 관계없이 고소할 수 있고, 이러한 고소권은 피해자의 명시한 의사에 반하여도 행사할 수 있다.",O,"형사소송법 제225조 제1항이 규정한 법정대리인의 고소권은 무능력자의 보호를 위하여 법정대리인에게 주어진 고유권이므로, 법정대리인은 피해자의 고소권 소멸 여부에 관계없이 고소할 수 있고, 이러한 고소권은 피해자의 명시한 의사에 반하여도 행사할 수 있다(99도3784)."
"친고죄에서 적법한 고소가 있었는지는 엄격한 증명의 대상이 되고, 일죄의 관계에 있는 친고죄 범죄사실 일부에 대한 고소의 효력은 일죄 전부에 대하여 미친다.",X,"친고죄에서 적법한 고소가 있었는지는 자유로운 증명의 대상이 되고, 일죄의 관계에 있는 범죄사실 일부에 대한 고소의 효력은 일죄 전부에 대하여 미친다(2011도4451)."
"<甲은 술에 취한 상태로 조수석에 이혼한 전처 乙을 태우고 빌린 승용차를 캠핑장에서 주차하던 중 액셀을 브레이크로 착각하고 세게 밟아 바위에 충돌하여 위 승용차 차량 뒷 범퍼가 파손되었다. 신고로 출동한 사법경찰관은 甲이 술에 취하여 운전하였다고 판단하고 甲에게 음주측정을 요구하였으나 甲은 거부하였다. 검사는 甲을 도로교통법위반(음주측정거부)죄 및 업무상과실재물손괴로 인한 도로교통법위반죄로 기소하였다. 乙은 위 사건의 제2회 공판기일에 증인으로 출석하여 증언거부권을 고지받고 선서한 후 甲이 아니라 자신이 운전을 하였다고 증언하였고, 증인신문절차가 그대로 종료되었다. 한편, 검사는 공소제기 후 법원 영장전담판사(수소법원 이외의 지방법원판사)로부터 위 차량에 대한 압수·수색영장을 발부받아 차량 블랙박스 메모리칩을 압수한 결과 甲이 위 사건 당시 운전하는 장면을 발견하고 위 영상을 CD에 저장하여 추가 증거로 제출하였다. 이후 검사는 乙을 위증죄의 피의자로 소환하여 제2회 공판기일의 증언을 번복시켜 ‘운전자가 甲이 맞고 제2회 공판기일 당시 위증을 하였다’는 자백을 받아 이를 피의자신문조서에 기재하였다. 법원은 검사의 신청에 따라 乙을 다시 증인으로 채택하였고, 제5회 공판기일에 증인으로 출석한 乙은 위 피의자신문조서의 진정성립을 인정하는 동시에 운전자가 甲이 맞다는 취지로 진술하였다.>
 甲은 위 차량에 대한 업무상과실재물손괴로 인한 도로교통법위반의 죄책을 진다.",X,"도로교통법 제108조가 정하는 「그밖의 재물」 중에는 범행의 수단 또는 도구로 제공된 차량자체는 포함되지 아니한다 고 풀이 할 것이다.
 왜냐하면 위 법조의 입법취지가 도로운송에 즈음하여 차량운행과 관련없는 제3자의 재물을 보호하려는데 있기 때문이다(86도620)."
"<甲은 술에 취한 상태로 조수석에 이혼한 전처 乙을 태우고 빌린 승용차를 캠핑장에서 주차하던 중 액셀을 브레이크로 착각하고 세게 밟아 바위에 충돌하여 위 승용차 차량 뒷 범퍼가 파손되었다. 신고로 출동한 사법경찰관은 甲이 술에 취하여 운전하였다고 판단하고 甲에게 음주측정을 요구하였으나 甲은 거부하였다. 검사는 甲을 도로교통법위반(음주측정거부)죄 및 업무상과실재물손괴로 인한 도로교통법위반죄로 기소하였다. 乙은 위 사건의 제2회 공판기일에 증인으로 출석하여 증언거부권을 고지받고 선서한 후 甲이 아니라 자신이 운전을 하였다고 증언하였고, 증인신문절차가 그대로 종료되었다. 한편, 검사는 공소제기 후 법원 영장전담판사(수소법원 이외의 지방법원판사)로부터 위 차량에 대한 압수·수색영장을 발부받아 차량 블랙박스 메모리칩을 압수한 결과 甲이 위 사건 당시 운전하는 장면을 발견하고 위 영상을 CD에 저장하여 추가 증거로 제출하였다. 이후 검사는 乙을 위증죄의 피의자로 소환하여 제2회 공판기일의 증언을 번복시켜 ‘운전자가 甲이 맞고 제2회 공판기일 당시 위증을 하였다’는 자백을 받아 이를 피의자신문조서에 기재하였다. 법원은 검사의 신청에 따라 乙을 다시 증인으로 채택하였고, 제5회 공판기일에 증인으로 출석한 乙은 위 피의자신문조서의 진정성립을 인정하는 동시에 운전자가 甲이 맞다는 취지로 진술하였다.>
 만일 증인소환장을 송달받은 乙이 정당한 사유 없이 증인으로 출석하지 아니한 때에는 법원은 결정으로 당해 불출석으로 인한 소송비용을 증인이 부담하도록 명하고 500만 원 이하의 과태료를 부과할 수 있으며, 乙은 이러한 결정에 대해 즉시항고를 할 수 있다.",O,"형사소송법 제151조(증인이 출석하지 아니한 경우의 과태료 등) ①법원은 소환장을 송달받은 증인이 정당한 사유 없이 출석하지 아니한 때에는 결정으로 당해 불출석으로 인한 소송비용을 증인이 부담하도록 명하고, 500만원 이하의 과태료를 부과할 수 있다. (후략)
 ⑧제1항과 제2항의 결정에 대하여는 즉시항고를 할 수 있다. (후략)"
"<甲은 술에 취한 상태로 조수석에 이혼한 전처 乙을 태우고 빌린 승용차를 캠핑장에서 주차하던 중 액셀을 브레이크로 착각하고 세게 밟아 바위에 충돌하여 위 승용차 차량 뒷 범퍼가 파손되었다. 신고로 출동한 사법경찰관은 甲이 술에 취하여 운전하였다고 판단하고 甲에게 음주측정을 요구하였으나 甲은 거부하였다. 검사는 甲을 도로교통법위반(음주측정거부)죄 및 업무상과실재물손괴로 인한 도로교통법위반죄로 기소하였다. 乙은 위 사건의 제2회 공판기일에 증인으로 출석하여 증언거부권을 고지받고 선서한 후 甲이 아니라 자신이 운전을 하였다고 증언하였고, 증인신문절차가 그대로 종료되었다. 한편, 검사는 공소제기 후 법원 영장전담판사(수소법원 이외의 지방법원판사)로부터 위 차량에 대한 압수·수색영장을 발부받아 차량 블랙박스 메모리칩을 압수한 결과 甲이 위 사건 당시 운전하는 장면을 발견하고 위 영상을 CD에 저장하여 추가 증거로 제출하였다. 이후 검사는 乙을 위증죄의 피의자로 소환하여 제2회 공판기일의 증언을 번복시켜 ‘운전자가 甲이 맞고 제2회 공판기일 당시 위증을 하였다’는 자백을 받아 이를 피의자신문조서에 기재하였다. 법원은 검사의 신청에 따라 乙을 다시 증인으로 채택하였고, 제5회 공판기일에 증인으로 출석한 乙은 위 피의자신문조서의 진정성립을 인정하는 동시에 운전자가 甲이 맞다는 취지로 진술하였다.>
 검사는 공소제기 후에도 甲에 대한 원활한 공소유지를 위하여 위와 같이 법원의 영장을 받아 ｢형사소송법｣ 제215조에 따라 압수·수색을 할 수 있으므로 위 차량 블랙박스 동영상이 저장된 CD는 적법하게 수집된 증거이다.",X,"형사소송법은 제215조에서 검사가 압수·수색 영장을 청구할 수 있는 시기를 공소제기 전으로 명시적으로 한정하고 있지는 아니하나, 헌법상 보장된 적법절차의 원칙과 재판받을 권리, 공판중심주의·당사자주의·직접주의를 지향하는 현행 형사소송법의 소송구조, 관련 법규의 체계, 문언 형식, 내용 등을 종합하여 보면, 일단 공소가 제기된 후에는 피고사건에 관하여 검사로서는 형사소송법 제215조에 의하여 압수·수색을 할 수 없다고 보아야 하며, 그럼에도 검사가 공소제기 후 형사소송법 제215조에 따라 수소법원 이외의 지방법원 판사에게 청구하여 발부받은 영장에 의하여 압수·수색을 하였다면, 그와 같이 수집된 증거는 기본적 인권 보장을 위해 마련된 적법한 절차에 따르지 않은 것으로서 원칙적으로 유죄의 증거로 삼을 수 없다(2009도10412)."
"<甲은 술에 취한 상태로 조수석에 이혼한 전처 乙을 태우고 빌린 승용차를 캠핑장에서 주차하던 중 액셀을 브레이크로 착각하고 세게 밟아 바위에 충돌하여 위 승용차 차량 뒷 범퍼가 파손되었다. 신고로 출동한 사법경찰관은 甲이 술에 취하여 운전하였다고 판단하고 甲에게 음주측정을 요구하였으나 甲은 거부하였다. 검사는 甲을 도로교통법위반(음주측정거부)죄 및 업무상과실재물손괴로 인한 도로교통법위반죄로 기소하였다. 乙은 위 사건의 제2회 공판기일에 증인으로 출석하여 증언거부권을 고지받고 선서한 후 甲이 아니라 자신이 운전을 하였다고 증언하였고, 증인신문절차가 그대로 종료되었다. 한편, 검사는 공소제기 후 법원 영장전담판사(수소법원 이외의 지방법원판사)로부터 위 차량에 대한 압수·수색영장을 발부받아 차량 블랙박스 메모리칩을 압수한 결과 甲이 위 사건 당시 운전하는 장면을 발견하고 위 영상을 CD에 저장하여 추가 증거로 제출하였다. 이후 검사는 乙을 위증죄의 피의자로 소환하여 제2회 공판기일의 증언을 번복시켜 ‘운전자가 甲이 맞고 제2회 공판기일 당시 위증을 하였다’는 자백을 받아 이를 피의자신문조서에 기재하였다. 법원은 검사의 신청에 따라 乙을 다시 증인으로 채택하였고, 제5회 공판기일에 증인으로 출석한 乙은 위 피의자신문조서의 진정성립을 인정하는 동시에 운전자가 甲이 맞다는 취지로 진술하였다.>
 검사가 乙에 대하여 작성한 피의자신문조서는 당해 사건의 피고인이 아닌 사람의 진술을 기재한 서류로서 ｢형사소송법｣ 제312조 제4항에 따라 원진술자에 의한 진정성립이 인정되었으므로 甲의 증거동의가 없더라도 당해 사건에 대해 증거능력이 인정된다.",X,"공판준비 또는 공판기일에서 이미 증언을 마친 증인을 검사가 소환한 후 피고인에게 유리한 증언 내용을 추궁하여 이를 일방적으로 번복시키는 방식으로 작성한 진술조서를 유죄의 증거로 삼는 것은 당사자주의·공판중심주의·직접주의를 지향하는 현행 형사소송법의 소송구조에 어긋나는 것일 뿐만 아니라, 헌법 제27조가 보장하는 기본권, 즉 법관의 면전에서 모든 증거자료가 조사·진술되고 이에 대하여 피고인이 공격·방어할 수 있는 기회가 실질적으로 부여되는 재판을 받을 권리를 침해하는 것이므로, 이러한 진술조서는 피고인이 증거로 할 수 있음에 동의하지 아니하는 한 증거능력이 없고, 그 후 원진술자인 종전 증인이 다시 법정에 출석하여 증언을 하면서 그 진술조서의 성립의 진정함을 인정하고 피고인 측에 반대신문의 기회가 부여되었다고 하더라도 그 증언 자체를 유죄의 증거로 할 수 있음은 별론으로 하고 위와 같은 진술조서의 증거능력이 없다는 결론은 달리할 것이 아니다. 이는 검사가 공판준비 또는 공판기일에서 이미 증언을 마친 증인에게 수사기관에 출석할 것을 요구하여 그 증인을 상대로 위증의 혐의를 조사한 내용을 담은 피의자신문조서의 경우도 마찬가지이다(2012도13665)."
"<甲은 술에 취한 상태로 조수석에 이혼한 전처 乙을 태우고 빌린 승용차를 캠핑장에서 주차하던 중 액셀을 브레이크로 착각하고 세게 밟아 바위에 충돌하여 위 승용차 차량 뒷 범퍼가 파손되었다. 신고로 출동한 사법경찰관은 甲이 술에 취하여 운전하였다고 판단하고 甲에게 음주측정을 요구하였으나 甲은 거부하였다. 검사는 甲을 도로교통법위반(음주측정거부)죄 및 업무상과실재물손괴로 인한 도로교통법위반죄로 기소하였다. 乙은 위 사건의 제2회 공판기일에 증인으로 출석하여 증언거부권을 고지받고 선서한 후 甲이 아니라 자신이 운전을 하였다고 증언하였고, 증인신문절차가 그대로 종료되었다. 한편, 검사는 공소제기 후 법원 영장전담판사(수소법원 이외의 지방법원판사)로부터 위 차량에 대한 압수·수색영장을 발부받아 차량 블랙박스 메모리칩을 압수한 결과 甲이 위 사건 당시 운전하는 장면을 발견하고 위 영상을 CD에 저장하여 추가 증거로 제출하였다. 이후 검사는 乙을 위증죄의 피의자로 소환하여 제2회 공판기일의 증언을 번복시켜 ‘운전자가 甲이 맞고 제2회 공판기일 당시 위증을 하였다’는 자백을 받아 이를 피의자신문조서에 기재하였다. 법원은 검사의 신청에 따라 乙을 다시 증인으로 채택하였고, 제5회 공판기일에 증인으로 출석한 乙은 위 피의자신문조서의 진정성립을 인정하는 동시에 운전자가 甲이 맞다는 취지로 진술하였다.>
 증인의 증언은 그 전체를 일체로 관찰·판단하는 것이어서 선서한 증인이 일단 기억에 반하는 허위의 진술을 하였더라도 그 신문이 끝나기 전에 그 진술을 철회·시정한 경우 위증이 되지 아니하므로 제5회 공판기일에 다시 출석한 乙이 종전의 허위진술을 철회한 이상 乙은 위증죄로 처벌되지 아니한다.",X,"증인의 증언은 그 전부를 일체로 관찰·판단하는 것이므로 선서한 증인이 일단 기억에 반하는 허위의 진술을 하였더라도 그 신문이 끝나기 전에 그 진술을 철회·시정한 경우 위증이 되지 아니한다고 할 것이나, 증인이 1회 또는 수회의 기일에 걸쳐 이루어진 1개의 증인신문절차에서 허위의 진술을 하고 그 진술이 철회·시정된 바 없이 그대로 증인신문절차가 종료된 경우 그로써 위증죄는 기수에 달하고, 그 후 별도의 증인 신청 및 채택 절차를 거쳐 그 증인이 다시 신문을 받는 과정에서 종전 신문절차에서의 진술을 철회·시정한다 하더라도 그러한 사정은 형법 제153조가 정한 형의 감면사유에 해당할 수 있을 뿐, 이미 종결된 종전 증인신문절차에서 행한 위증죄의 성립에 어떤 영향을 주는 것은 아니다. 위와 같은 법리는 증인이 별도의 증인신문절차에서 새로이 선서를 한 경우뿐만 아니라 종전 증인신문절차에서 한 선서의 효력이 유지됨을 고지 받고 진술한 경우에도 마찬가지로 적용된다(2010도7525)."
체포영장에 의해 체포된 피의자뿐만 아니라 체포영장에 의하지 아니하고 긴급체포된 피의자도 체포적부심사의 청구권자에 해당한다.,O,"형사소송법 제214조의2(체포와 구속의 적부심사) ① 체포되거나 구속된 피의자 또는 그 변호인, 법정대리인, 배우자, 직계친족, 형제자매나 가족, 동거인 또는 고용주는 관할법원에 체포 또는 구속의 적부심사(適否審査)를 청구할 수 있다."
구속적부심사를 청구한 피의자에 대하여 검사가 공소를 제기한 경우에도 법원이 적부심사를 행하여 청구의 이유 유무에 따라 청구기각결정이나 석방결정을 하여야 한다.,O,
피의자의 진술 등을 기재한 구속적부심문조서는 특별한 사정이 없는 한 피고인이 증거로 함에 부동의하더라도 ｢형사소송법｣ 제315조 제3호에 의하여 ‘기타 특히 신용할 만한 정황에 의하여 작성된 문서’로 당연히 그 증거능력이 인정된다.,O,2003도5693.
구속된 피의자로부터 구속적부심사의 청구를 받은 법원이 보증금납입조건부 피의자석방결정을 내린 경우 보증금이 납입된 후에야 피의자를 석방할 수 있다.,O,
법원이 구속된 피의자에 대하여 피의자의 출석을 보증할 만한 보증금납입을 조건으로 석방결정을 한 때에는 ｢형사소송법｣ 제402조에 따른 항고를 할 수 없다.,X,"형사소송법 제402조의 규정에 의하면, 법원의 결정에 대하여 불복이 있으면 항고를 할 수 있으나 다만 같은 법에 특별한 규정이 있는 경우에는 예외로 하도록 되어 있는바, 체포 또는 구속적부심사절차에서의 법원의 결정에 대한 항고의 허용 여부에 관하여 같은 법 제214조의2 제[8]항은 제[3]항과 제[4]항의 기각결정 및 석방결정에 대하여 항고하지 못하는 것으로 규정하고 있을 뿐이고 제[5]항에 의한 석방결정에 대하여 항고하지 못한다는 규정을 두고 있지 않다. 그런데 같은 법 제214조의2 제[4]항의 석방결정은 체포 또는 구속이 불법이거나 이를 계속할 사유가 없는 등 부적법한 경우에 피의자의 석방을 명하는 것임에 비하여, 같은 법 제214조의2 제[5]항의 석방결정은 구속의 적법을 전제로 하면서 그 단서에서 정한 제한사유가 없는 경우에 한하여 출석을 담보할 만한 보증금의 납입을 조건으로 하여 피의자의 석방을 명하는 것이어서 같은 법 제214조의2 제[4]항의 석방결정과 제[5]항의 석방결정은 원래 그 실질적인 취지와 내용을 달리 하는 것이고, 이에 따라 같은 법 제214조의3은 같은 법 제214조의2 제[4]항의 규정에 의한 결정에 의하여 석방된 피의자와 제[5]항의 규정에 의하여 석방된 피의자의 각 재체포 및 재구속의 제한에 관하여도 달리 취급하고 있으므로, 그 각 석방결정에 대한 항고의 허용 여부에 관하여 달리 취급하는 것이 체포 또는 구속적부심사제도에 관한 법의 취지에 어긋난다고 단정할 수 없고, 또 기소 후 보석결정에 대하여 항고가 인정되는 점에 비추어 그 보석결정과 성질 및 내용이 유사한 기소 전 보증금 납입 조건부 석방결정에 대하여도 항고할 수 있도록 하는 것이 균형에 맞는 측면도 있다 할 것이다. 그렇다면 같은 법 제214조의2 제[5]항의 석방결정에 대하여는 피의자나 검사가 그 취소의 실익이 있는 한 같은 법 제402조에 의하여 항고할 수 있다고 보아야 할 것이다(97모21)."
피고인 甲이 사업주(실질적 경영귀속주체)인 사업체의 종업원 乙이 법규위반행위를 하여 甲이 양벌규정에 의하여 기소되고 사법경찰관이 작성한 乙에 대한 피의자신문조서가 증거로 제출되었으나 甲이 이를 내용부인 취지로 부동의하였고 재판 진행 중 乙이 지병으로 사망한 경우 위 피의자신문조서는 ｢형사소송법｣ 제314조에 의해 증거능력이 인정될 수 있다.,X,"형사소송법 제312조 제3항은 검사 이외의 수사기관이 작성한 해당 피고인에 대한 피의자신문조서를 유죄의 증거로 하는 경우뿐만 아니라 검사 이외의 수사기관이 작성한 해당 피고인과 공범관계에 있는 다른 피고인이나 피의자에 대한 피의자신문조서를 해당 피고인에 대한 유죄의 증거로 채택할 경우에도 적용된다. 따라서 해당 피고인과 공범관계가 있는 다른 피의자에 대하여 검사 이외의 수사기관이 작성한 피의자신문조서는 그 피의자의 법정진술에 의하여 성립의 진정이 인정되는 등 형사소송법 제312조 제4항의 요건을 갖춘 경우라도 해당 피고인이 공판기일에서 그 조서의 내용을 부인한 이상 이를 유죄 인정의 증거로 사용할 수 없고, 그 당연한 결과로 위 피의자신문조서에 대하여는 사망 등 사유로 인하여 법정에서 진술할 수 없는 때에 예외적으로 증거능력을 인정하는 규정인 형사소송법 제314조가 적용되지 아니한다. 그리고 이러한 법리는 공동정범이나 교사범, 방조범 등 공범관계에 있는 자들 사이에서뿐만 아니라, 법인의 대표자나 법인 또는 개인의 대리인, 사용인, 그 밖의 종업원 등 행위자의 위반행위에 대하여 행위자가 아닌 법인 또는 개인이 양벌규정에 따라 기소된 경우, 이러한 법인 또는 개인과 행위자 사이의 관계에서도 마찬가지로 적용된다고 보아야 한다(2016도9367)."
제1심에서 피고인에 대하여 무죄판결이 선고되어 검사가 항소한 후 수사기관이 항소심 공판기일에 증인으로 신청하여 신문할 수 있는 사람을 특별한 사정 없이 미리 수사기관에 소환하여 작성한 진술조서는 피고인이 증거로 할 수 있음에 동의하지 않는 한 증거능력이 없다.,O,"제1심에서 피고인에 대하여 무죄판결이 선고되어 검사가 항소한 후, 수사기관이 항소심 공판기일에 증인으로 신청하여 신문할 수 있는 사람을 특별한 사정 없이 미리 수사기관에 소환하여 작성한 진술조서는 피고인이 증거로 할 수 있음에 동의하지 않는 한 증거능력이 없다. 검사가 공소를 제기한 후 참고인을 소환하여 피고인에게 불리한 진술을 기재한 진술조서를 작성하여 이를 공판절차에 증거로 제출할 수 있게 한다면, 피고인과 대등한 당사자의 지위에 있는 검사가 수사기관으로서의 권한을 이용하여 일방적으로 법정 밖에서 유리한 증거를 만들 수 있게 하는 것이므로 당사자주의·공판중심주의·직접심리주의에 반하고 피고인의 공정한 재판을 받을 권리를 침해하기 때문이다.
 위 참고인이 나중에 법정에 증인으로 출석하여 위 진술조서의 성립의 진정을 인정하고 피고인 측에 반대신문의 기회가 부여된다 하더라도 위 진술조서의 증거능력을 인정할 수 없음은 마찬가지이다(2013도6825)."
피고인 아닌 자의 공판기일에서의 진술이 피고인 아닌 타인의 진술을 그 내용으로 하는 경우 ｢형사소송법｣ 제316조 제2항이 요구하는 특히 신빙할 수 있는 상태하에서 행하여졌음에 대한 증명은 단지 그러한 개연성이 있다는 정도로는 부족하고 합리적인 의심의 여지를 배제하는 정도에 이르러야 한다.,O,형사소송법 제312조 또는 제313조는 참고인이 진술하거나 작성한 진술조서나 진술서에 대하여 피고인 또는 변호인의 반대신문권이 보장되는 등 엄격한 요건이 충족될 경우에 한하여 증거능력을 인정하고 있다. 형사소송법 제314조는 참고인 소재불명 등의 경우에 직접심리주의 등 기본원칙에 대한 예외를 인정한 것에 대하여 다시 중대한 예외를 인정하여 원진술자 등에 대한 반대신문의 기회조차 없이 증거능력을 부여할 수 있도록 한 것이다. 따라서 이러한 경우 참고인의 진술 또는 작성이 ‘특히 신빙할 수 있는 상태 하에서 행하여졌음에 대한 증명’은 단지 그러할 개연성이 있다는 정도로는 부족하고 합리적인 의심의 여지를 배제할 정도에 이르러야 한다. 나아가 이러한 법리는 원진술자의 소재불명 등을 전제로 하고 있는 형사소송법 제316조 제2항의 경우에도 그대로 적용된다(2015도12981).
목적과 용도를 정하여 위탁한 금전을 수탁자가 임의로 소비하면 횡령죄를 구성할 수 있으며 피해자 등이 목적과 용도를 정하여 금전을 위탁한 사실 및 그 목적과 용도가 무엇인지는 엄격한 증명의 대상이 된다.,O,2013도8121.
"양심적 병역거부를 주장하는 피고인이 자신의 병역거부가 그에 따라 행동하지 않고서는 인격적 존재가치가 파멸되고 말 것이라는 절박하고 구체적인 양심에 따른 것으로 그 양심이 깊고 확고하며 진실한 것이라는 사실의 존재를 수긍할 만한 소명자료를 법원에 제출한 경우, 검사는 제출된 자료의 신빙성을 탄핵하는 방법으로 진정한 양심의 부존재를 증명할 수 있다.",O,"정당한 사유가 없다는 사실은 범죄구성요건이므로 검사가 증명하여야 한다. 다만 진정한 양심의 부존재를 증명한다는 것은 마치 특정되지 않은 기간과 공간에서 구체화되지 않은 사실의 부존재를 증명하는 것과 유사하다. 위와 같은 불명확한 사실의 부존재를 증명하는 것은 사회통념상 불가능한 반면 그 존재를 주장·증명하는 것이 좀 더 쉬우므로, 이러한 사정은 검사가 증명책임을 다하였는지를 판단할 때 고려하여야 한다. 따라서 양심적 병역거부를 주장하는 피고인은 자신의 병역거부가 그에 따라 행동하지 않고서는 인격적 존재가치가 파멸되고 말 것이라는 절박하고 구체적인 양심에 따른 것이며 그 양심이 깊고 확고하며 진실한 것이라는 사실의 존재를 수긍할 만한 소명자료를 제시하고, 검사는 제시된 자료의 신빙성을 탄핵하는 방법으로 진정한 양심의 부존재를 증명할 수 있다. 이때 병역거부자가 제시해야 할 소명자료는 적어도 검사가 그에 기초하여 정당한 사유가 없다는 것을 증명하는 것이 가능할 정도로 구체성을 갖추어야 한다(2016도10912)."
"수사기관이 2022. 9. 12. 甲을 성폭력범죄의처벌등에관한특례법위반(카메라등이용촬영)의 현행범으로 체포하면서 휴대전화를 임의제출받은 후 피의자신문과정에서 甲과 함께 휴대전화를 탐색하던 중 2022. 6.경의 동일한 범행에 관한 영상을 발견하고 그 영상을 甲에게 제시하였으며 甲이 해당 영상을 언제, 어디에서 촬영한 것인지 쉽게 알아보고 그에 관해 구체적으로 진술하였던 경우에 甲에게 전자정보의 파일 명세가 특정된 압수목록이 작성·교부되지 않았더라도 甲의 절차상 권리가 실질적으로 침해되었다고 볼 수 없다.",O,"수사기관이 전자정보를 담은 매체를 피의자로부터 임의제출 받아 압수하면서 거기에 담긴 정보 중 무엇을 제출하는지 명확히 확인하지 않은 경우, 임의제출의 동기가 된 범죄혐의사실과 관련되고 이를 증명할 수 있는 최소한의 가치가 있는 정보여야 압수의 대상이 되는데, 범행 동기와 경위, 수단과 방법, 시간과 장소 등에 관한 간접증거나 정황증거로 사용될 수 있는 정보도 그에 포함될 수 있다. 수사기관이 피의자로부터 범죄혐의사실과 관련된 전자정보와 그렇지 않은 전자정보가 섞인 매체를 임의제출 받아 사무실 등지에서 정보를 탐색·복제·출력하는 경우 피의자나 변호인에게 참여의 기회를 보장하고 압수된 전자정보가 특정된 목록을 교부해야 하나, 그러한 조치를 하지 않았더라도 절차 위반행위가 이루어진 과정의 성질과 내용 등에 비추어 피의자의 절차상 권리가 실질적으로 침해되지 않았다면 압수·수색이 위법하다고 볼 것은 아니다(대법원 2021. 11. 18. 선고 2016도348 전원합의체 판결 참조).
 피고인이 휴대전화로 성명 불상 피해자들의 신체를 그 의사에 반하여 촬영하거나(이하 ‘1~7번 범행’이라고 한다), 짧은 치마를 입고 횡단보도 앞에서 신호를 기다리던 피해자의 다리를 몰래 촬영하여(이하 ‘8번 범행’이라고 한다) 성폭력범죄의 처벌 등에 관한 특례법 위반(카메라등이용촬영)으로 기소되었는데, 8번 범행 피해자의 신고를 받고 출동한 경찰관이 현장에서 피고인으로부터 임의제출 받아 압수한 휴대전화를 사무실에서 탐색하는 과정에서 1~7번 범행의 영상을 발견한 사안에서, 1~7번 범행에 관한 동영상은 촬영 기간이 8번 범행 일시와 가깝고, 8번 범행과 마찬가지로 버스정류장 등 공공장소에서 촬영되어 임의제출의 동기가 된 8번 범죄혐의사실과 관련성 있는 증거인 점, 경찰관은 임의제출 받은 휴대전화를 피고인이 있는 자리에서 살펴보고 8번 범행이 아닌 영상을 발견하였으므로 피고인이 탐색에 참여하였다고 볼 수 있는 점, 경찰관이 피의자신문 시 1~7번 범행 영상을 제시하자 피고인은 그 영상이 언제 어디에서 찍은 것인지 쉽게 알아보고 그에 관해 구체적으로 진술하였으므로, 비록 피고인에게 압수된 전자정보가 특정된 목록이 교부되지 않았더라도 절차 위반행위가 이루어진 과정의 성질과 내용 등에 비추어 절차상 권리가 실질적으로 침해되었다고 보기 어려운 점 등을 종합하면, 1~7번 범행으로 촬영한 영상의 출력물과 파일 복사본을 담은 시디(CD)는 임의제출에 의해 적법하게 압수된 전자정보에서 생성된 것으로서 증거능력이 인정된다는 이유로, 이와 달리 보아 1~7번 범행 부분을 무죄로 판단한 원심판결에 법리오해의 잘못이 있다고 한 사례(2019도4938)."
"甲이 A 소유 모텔 객실에 위장형 카메라를 몰래 설치해 불법촬영을 하였는데 이후 甲의 범행을 인지한 수사기관이 A로부터 임의제출 형식으로 위 카메라를 압수한 경우, 카메라의 메모리카드에 사실상 대부분 압수의 대상이 되는 전자정보만이 저장되어 있어 해당 전자정보인 불법촬영 동영상을 탐색·출력하는 과정에서 위 임의제출에 따른 통상의 압수절차 외에 별도의 조치가 따로 요구되는 것은 아니므로, 甲에게 참여의 기회를 보장하지 않고 전자정보 압수목록을 작성·교부하지 않았다는 점만으로 곧바로 위 임의제출물의 증거능력을 부정할 수 없다.",O,"피의자가 소유·관리하는 정보저장매체를 피의자 아닌 제3자가 임의제출하는 경우에 그 임의제출 및 그에 따른 수사기관의 압수가 적법하더라도 임의제출의 동기가 된 범죄혐의사실과 구체적·개별적 연관관계가 있는 전자정보에 한하여 압수의 대상이 되는 것으로 더욱 제한적으로 해석하여야 하는 것은, 정보저장매체에는 그의 사생활의 비밀과 자유, 정보에 대한 자기결정권 등 인격적 법익에 관한 모든 것이 저장되어 있어, 임의제출의 주체가 소유자 아닌 소지자·보관자에 불과함에도 아무런 제한 없이 압수·수색이 허용되면 피의자의 인격적 법익이 현저히 침해될 우려가 있음을 고려하여, 그 제출행위로 소유자의 사생활의 비밀 기타 인격적 법익이 현저히 침해될 우려가 있는 경우에는 임의제출에 따른 압수·수색의 필요성과 함께 임의제출에 동의하지 않은 소유자의 법익에 대한 특별한 배려도 필요하기 때문이다(위 대법원 2016도348 전원합의체 판결 등 참조).
 반면, 임의제출된 이 사건 각 위장형 카메라 및 그 메모리카드에 저장된 전자정 보처럼 오직 불법촬영을 목적으로 방실 내 나체나 성행위 모습을 촬영할 수 있는 벽 등에 은밀히 설치되고, 촬영대상 목표물의 동작이 감지될 때에만 카메라가 작동하여 촬영이 이루어지는 등, 그 설치 목적과 장소, 방법, 기능, 작동원리상 소유자의 사생활의 비밀 기타 인격적 법익의 관점에서 그 소지·보관자의 임의제출에 따른 적법한 압수의 대상이 되는 전자정보와 구별되는 별도의 보호 가치 있는 전자정보의 혼재 가능성을 상정하기 어려운 경우에는 위 소지·보관자의 임의제출에 따른 통상의 압수절차 외에 별도의 조치가 따로 요구된다고 보기는 어렵다. 따라서 피고인 내지 변호인에게 참여의 기회를 보장하지 않고 전자정보 압수목록을 작성·교부하지 않았다는 점만으로 곧바로 증거능력을 부정할 것은 아니다(2019도7342)."
정보저장매체를 임의제출한 피압수자에 더하여 임의제출자 아닌 피의자에게도 참여권이 보장되어야 하는 ‘피의자의 소유·관리에 속하는 정보저장매체’에 해당하는지 여부는 전자정보에 의해 식별되는 정보주체의 정보자기결정권을 고려할 때 압수·수색 당시 외형적·객관적으로 인식 가능한 사실상의 상태가 아니라 민사법상 권리의 귀속에 따른 법률적·사후적 판단을 기준으로 판단하여야 한다.,X,압수·수색 당시 외형적·객관적으로 인식 가능한 사실상의 상태를 기준으로 판단하여야 한다.
수사기관은 압수 직후 현장에서 압수물 목록을 바로 작성하여 교부해야 하는 것이 원칙이고 압수된 전자정보의 상세목록에는 정보의 파일 명세가 특정되어 있어야 하며 수사기관은 이를 출력한 서면을 교부하거나 전자파일 형태로 복사해 주거나 이메일을 전송하는 등의 방식으로도 할 수 있다.,O,
수사기관이 압수·수색영장으로 압수한 휴대전화가 클라우드 서버에 로그인되어 있는 상태를 이용하여 클라우드 서버에서 불법촬영물을 다운로드받아 압수한 경우 압수·수색영장에 적힌 ‘압수할 물건’에 원격지 서버 저장 전자정보가 기재되어 있지 않았다면 압수한 불법촬영물은 유죄의 증거로 사용할 수 없다.,O,
구금 중인 고소인이 재정신청서를 법정기간 안에 교도소장 또는 그 직무를 대리하는 사람에게 제출하였다면 설령 재정신청서가 그 기간 안에 불기소처분을 한 검사가 소속한 지방검찰청의 검사장 또는 지청장에게 도달하지 않았더라도 적법한 재정신청서의 제출로 보아야 한다.,X,
재정신청 제기기간이 경과된 후에 재정신청보충서를 제출하면서 원래의 재정신청 대상으로 포함되어 있지 않은 고발사실을 추가한 경우에 그 재정신청보충서에서 추가한 부분에 관한 재정신청은 부적법하다.,O,
재정신청이 있으면 재정결정이 확정될 때까지 공소시효의 진행이 정지된다.,O,
"법원이 재정신청 대상 사건이 아님에도 이를 간과한 채 공소제기결정을 하였더라도, 그에 따른 공소가 제기되어 본안 사건의 절차가 개시된 후에는 다른 특별한 사정이 없는 한 본안 사건에서 위와 같은 잘못을 다툴 수는 없다.",O,"법원이 재정신청서에 재정신청을 이유 있게 하는 사유가 기재되어 있지 않음에도 이를 간과한 채 형사소송법 제262조 제2항 제2호 소정의 공소제기결정을 한 관계로 그에 따른 공소가 제기되어 본안사건의 절차가 개시된 후에는, 다른 특별한 사정이 없는 한 이제 그 본안사건에서 위와 같은 잘못을 다툴 수 없다. 그렇지 아니하고 위와 같은 잘못을 본안사건에서 다툴 수 있다고 한다면 이는 재정신청에 대한 결정에 대하여 그것이 기각결정이든 인용결정이든 불복할 수 없도록 한 같은 법 제262조 제4항의 규정취지에 위배하여 형사소송절차의 안정성을 해칠 우려가 있기 때문이다. 또한 위와 같은 잘못은 본안사건에서 공소사실 자체에 대하여 무죄, 면소, 공소기각 등을 할 사유에 해당하는지를 살펴 무죄 등의 판결을 함으로써 그 잘못을 바로잡을 수 있다. 뿐만 아니라 본안사건에서 심리한 결과 범죄사실이 유죄로 인정되는 때에는 이를 처벌하는 것이 오히려 형사소송의 이념인 실체적 정의를 구현하는 데 보다 충실하다는 점도 고려하여야 한다(2009도224)."
"｢형사소송법｣ 제262조 제4항 후문은 재정신청 기각결정이 확정된 사건에 대하여는 다른 중요한 증거를 발견한 경우를 제외하고는 소추할 수 없다고 규정하고 있는바, 여기에서 ‘다른 중요한 증거를 발견한 경우’에는 단순히 재정신청 기각결정의 정당성에 의문이 제기되거나 범죄피해자의 권리를 보호하기 위하여 형사재판절차를 진행할 필요가 있는 정도의 증거가 있는 경우는 포함되지 않는다.",O,2014도17182.
"<건설업을 하는 甲은 시청 건설 담당 공무원인 乙에게 자신의 회사를 신청사 공사의 시공사로 선정해 줄 것을 부탁하면서 현금 1천만 원을 건네주었으나 다른 회사가 시공사로 선정되었다. 이에 甲은 乙에게 전화를 걸어 뇌물로 준 1천만 원을 돌려 줄 것을 요구했으나 乙은 이미 주식투자로 소비하여 이를 거부하였다. 그런데 甲은 乙과 전화로 나눈 대화를 휴대전화로 몰래 녹음하였고, 여기에는 뇌물을 받은 사실을 인정하는 乙의 진술이 포함되었다. 이후 甲은 乙의 집을 찾아가 뇌물로 준 1천만 원을 당장 돌려주지 않으면 녹음한 내용을 수사기관과 언론사에 보내겠다고 말하였다. 이에 겁을 먹은 乙은 甲이 지정한 은행 예금계좌로 1천만 원을 입금하였다. 乙의 배우자 丙은 乙의 사전 언급에 따라 甲과 乙의 대화 내용을 옆방에서 자신의 휴대전화로 甲 모르게 녹음하였다.>
 乙은 甲으로부터 받은 1천만 원을 돌려주지 아니하고 주식투자로 임의 소비하였으므로, 뇌물수수죄와 별도로 횡령죄가 성립한다.",X,"민법 제746조에 불법의 원인으로 인하여 재산을 급여하거나 노무를 제공한 때에는 그 이익의 반환을 청구하지 못한다고 규정한 뜻은 급여를 한 사람은 그 원인행위가 법률상 무효임을 내세워 상대방에게 부당이득반환청구를 할 수 없고, 또 급여한 물건의 소유권이 자기에게 있다고 하여 소유권에 기한 반환청구도 할 수 없어서 결국 급여한 물건의 소유권은 급여를 받은 상대방에게 귀속되는 것이므로, 갑이 을로부터 제3자에 대한 뇌물공여 또는 배임증재의 목적으로 전달하여 달라고 교부받은 금전은 불법원인급여물에 해당하여 그 소유권은 갑에게 귀속되는 것으로서 갑이 위 금전을 제3자에게 전달하지 않고 임의로 소비하였다고 하더라도 횡령죄가 성립하지 않는다(99도275)."
"<건설업을 하는 甲은 시청 건설 담당 공무원인 乙에게 자신의 회사를 신청사 공사의 시공사로 선정해 줄 것을 부탁하면서 현금 1천만 원을 건네주었으나 다른 회사가 시공사로 선정되었다. 이에 甲은 乙에게 전화를 걸어 뇌물로 준 1천만 원을 돌려 줄 것을 요구했으나 乙은 이미 주식투자로 소비하여 이를 거부하였다. 그런데 甲은 乙과 전화로 나눈 대화를 휴대전화로 몰래 녹음하였고, 여기에는 뇌물을 받은 사실을 인정하는 乙의 진술이 포함되었다. 이후 甲은 乙의 집을 찾아가 뇌물로 준 1천만 원을 당장 돌려주지 않으면 녹음한 내용을 수사기관과 언론사에 보내겠다고 말하였다. 이에 겁을 먹은 乙은 甲이 지정한 은행 예금계좌로 1천만 원을 입금하였다. 乙의 배우자 丙은 乙의 사전 언급에 따라 甲과 乙의 대화 내용을 옆방에서 자신의 휴대전화로 甲 모르게 녹음하였다.>
 만일 甲이 위 예금계좌에 입금된 1천만 원을 인출하지 않았다면 甲에게 공갈죄의 미수범이 성립한다.",X,
"<건설업을 하는 甲은 시청 건설 담당 공무원인 乙에게 자신의 회사를 신청사 공사의 시공사로 선정해 줄 것을 부탁하면서 현금 1천만 원을 건네주었으나 다른 회사가 시공사로 선정되었다. 이에 甲은 乙에게 전화를 걸어 뇌물로 준 1천만 원을 돌려 줄 것을 요구했으나 乙은 이미 주식투자로 소비하여 이를 거부하였다. 그런데 甲은 乙과 전화로 나눈 대화를 휴대전화로 몰래 녹음하였고, 여기에는 뇌물을 받은 사실을 인정하는 乙의 진술이 포함되었다. 이후 甲은 乙의 집을 찾아가 뇌물로 준 1천만 원을 당장 돌려주지 않으면 녹음한 내용을 수사기관과 언론사에 보내겠다고 말하였다. 이에 겁을 먹은 乙은 甲이 지정한 은행 예금계좌로 1천만 원을 입금하였다. 乙의 배우자 丙은 乙의 사전 언급에 따라 甲과 乙의 대화 내용을 옆방에서 자신의 휴대전화로 甲 모르게 녹음하였다.>
 甲이 乙과의 전화상 대화를 휴대전화로 몰래 녹음한 것은 ｢통신비밀보호법｣상 비밀녹음에 해당하여 甲의 뇌물공여죄나 乙의 뇌물수수죄에 대한 유죄의 증거로 사용할 수 없다.",X,
"<건설업을 하는 甲은 시청 건설 담당 공무원인 乙에게 자신의 회사를 신청사 공사의 시공사로 선정해 줄 것을 부탁하면서 현금 1천만 원을 건네주었으나 다른 회사가 시공사로 선정되었다. 이에 甲은 乙에게 전화를 걸어 뇌물로 준 1천만 원을 돌려 줄 것을 요구했으나 乙은 이미 주식투자로 소비하여 이를 거부하였다. 그런데 甲은 乙과 전화로 나눈 대화를 휴대전화로 몰래 녹음하였고, 여기에는 뇌물을 받은 사실을 인정하는 乙의 진술이 포함되었다. 이후 甲은 乙의 집을 찾아가 뇌물로 준 1천만 원을 당장 돌려주지 않으면 녹음한 내용을 수사기관과 언론사에 보내겠다고 말하였다. 이에 겁을 먹은 乙은 甲이 지정한 은행 예금계좌로 1천만 원을 입금하였다. 乙의 배우자 丙은 乙의 사전 언급에 따라 甲과 乙의 대화 내용을 옆방에서 자신의 휴대전화로 甲 모르게 녹음하였다.>
 丙이 甲과 乙의 대화내용을 휴대전화로 몰래 녹음한 것은 대화 당사자인 乙의 사전 동의에 의한 것이므로, 甲의 공갈죄에 대한 유죄의 증거로 사용할 수 있다.",X,
"<건설업을 하는 甲은 시청 건설 담당 공무원인 乙에게 자신의 회사를 신청사 공사의 시공사로 선정해 줄 것을 부탁하면서 현금 1천만 원을 건네주었으나 다른 회사가 시공사로 선정되었다. 이에 甲은 乙에게 전화를 걸어 뇌물로 준 1천만 원을 돌려 줄 것을 요구했으나 乙은 이미 주식투자로 소비하여 이를 거부하였다. 그런데 甲은 乙과 전화로 나눈 대화를 휴대전화로 몰래 녹음하였고, 여기에는 뇌물을 받은 사실을 인정하는 乙의 진술이 포함되었다. 이후 甲은 乙의 집을 찾아가 뇌물로 준 1천만 원을 당장 돌려주지 않으면 녹음한 내용을 수사기관과 언론사에 보내겠다고 말하였다. 이에 겁을 먹은 乙은 甲이 지정한 은행 예금계좌로 1천만 원을 입금하였다. 乙의 배우자 丙은 乙의 사전 언급에 따라 甲과 乙의 대화 내용을 옆방에서 자신의 휴대전화로 甲 모르게 녹음하였다.>
 만일 뇌물수수죄로 기소된 乙이 법정에서 뇌물수수의 사실을 부인하는 진술을 하는 경우, 검사가 유죄의 자료로 제출한 사법경찰관 작성의 乙에 대한 피의자신문조서는 乙이 그 내용을 부인하더라도 임의로 작성된 것으로 인정되는 한 乙의 법정진술의 증명력을 다투기 위한 탄핵증거로 사용할 수 있다.",O,
"헌법 제109조, ｢법원조직법｣ 제57조 제1항에서 정한 재판의 공개금지사유가 없음에도 공개금지결정에 따라 비공개로 진행된 증인신문절차에서 증인의 증언은 증거능력이 없고, 변호인의 반대신문권이 보장되었더라도 달리 볼 수 없다.",O,"헌법 제27조 제3항 후문, 제109조와 법원조직법 제57조 제1항, 제2항의 취지에 비추어 보면, 헌법 제109조, 법원조직법 제57조 제1항에서 정한 공개금지사유가 없음에도 불구하고 재판의 심리에 관한 공개를 금지하기로 결정하였다면 그러한 공개금지결정은 피고인의 공개재판을 받을 권리를 침해한 것으로서 그 절차에 의하여 이루어진 증인의 증언은 증거능력이 없고, 변호인의 반대신문권이 보장되었더라도 달리 볼 수 없으며, 이러한 법리는 공개금지결정의 선고가 없는 등으로 공개금지결정의 사유를 알 수 없는 경우에도 마찬가지이다(2013도2511)."
수사기관이 피의자신문 시 피의자에게 미리 진술거부권을 고지하지 않았다고 하더라도 진술의 임의성이 인정되는 경우라면 증거능력이 인정된다.,X,
검찰관이 형사사법공조절차를 거치지 아니한 채 외국으로 현지출장을 나가 참고인진술조서를 작성한 경우 조사 대상자가 우리나라 국민이고 조사에 스스로 응함으로써 조사의 방식이나 절차에 강제력이나 위력은 물론 어떠한 비자발적 요소도 개입될 여지가 없었고 피고인과 해당 국가 사이에 국제법상 관할의 원인이 될 만한 아무런 연관성이 없다면 위 참고인진술조서는 위법수집증거라고 할 수 없다.,O,"먼저 위 진술조서가 위법수집증거에 해당하는지에 관하여 보면, 비록 검찰관이 공소외 1을 상대로 한 참고인조사가 증거수집을 위한 수사행위에 해당하고 그 조사 장소가 우리나라가 아닌 과테말라공화국의 영역에 속하기는 하나, 조사의 상대방이 우리나라 국민이고 그가 조사에 스스로 응함으로써 조사의 방식이나 절차에 강제력이나 위력은 물론이고 어떠한 비자발적 요소도 개입될 여지가 없었음이 기록상 분명한 이상, 이는 서로 상대방 국민의 여행과 거주를 허용하는 우호국 사이에서 당연히 용인되는 우호국의 국가기관과 그 국민 사이의 자유로운 의사연락의 한 형태에 지나지 않으므로 여기에 어떠한 영토주권 침해의 문제가 생겨날 수 없고, 더욱이 이는 우리나라와 과테말라공화국 사이의 국제법적 문제로서 피고인은 그 일방인 과테말라공화국과 사이에 국제법상 관할의 원인이 될 만한 아무런 연관성도 갖고 있지 아니하므로 피고인에 대한 국내 형사소송절차에서 위와 같은 사유로 인하여 위법수집증거배제법칙이 적용된다고 볼 수는 없다.
 다만 전문증거인 위 진술조서가 군사법원법 제367조에 따라 증거능력이 인정되기 위해서는 그 진술이 특별히 신빙할 수 있는 상태에서 이루어졌어야 하고, 이는 진술의 내용이나 조서 또는 서류의 작성에 허위개입의 여지가 거의 없고 그 진술 내용의 신빙성이나 임의성을 담보할 구체적이고 외부적인 정황이 있는 경우를 가리키는데(대법원 2006. 5. 25. 선고 2004도3619 판결 등 참조), 원심이 들고 있는 사정, 즉 공소외 1이 자유스러운 분위기에서 임의수사의 형태로 조사에 응하였고 진술조서에 직접 서명·무인하였다는 사정만으로 위와 같은 정황을 인정하기에 부족할 뿐만 아니라, 오히려 ① 공소외 1에 대한 참고인조사가 강제력을 수반하지 아니하여 과테말라공화국에 대한 주권침해의 문제는 낳지 않는다고 하더라도, 검찰관이 이 사건 공소제기 후에 군사법원의 증거조사절차 외에서, 그것도 형사사법공조절차나 과테말라공화국 주재 우리나라 영사를 통한 조사 등의 방법을 택하지 않고 직접 현지 호텔에 가서 조사를 실시한 것은 아무래도 수사의 정형적 형태를 벗어난 것이라고 보지 않을 수 없는 점 (중략) 등에 비추어 보면, 위 진술이 특별히 신빙할 수 있는 상태에서 이루어졌다는 점에 관한 증명이 있다고 보기 어렵다(2011도3809)."
피해자 등 제3자가 피의자의 소유·관리에 속하는 정보저장매체를 영장에 의하지 않고 임의제출한 경우에는 특별한 사정이 없는 한 피의자에게도 참여권을 보장하고 압수한 전자정보 목록을 교부하는 등 피의자의 절차적 권리를 보장하기 위한 적절한 조치가 이루어져야 한다.,O,
"범행현장에서 지문채취 대상물에 대한 지문채취가 먼저 이루어진 이상, 수사기관이 그 이후에 지문채취 대상물을 적법한 절차에 의하지 아니한 채 압수하였다고 하더라도 위와 같이 채취된 지문은 위법하게 압수한 지문채취 대상물로부터 획득한 2차적 증거에 해당하지 않는다.",O,"이와 같이 범행 현장에서 지문채취 대상물에 대한 지문채취가 먼저 이루어진 이상, 수사기관이 그 이후에 지문채취 대상물을 적법한 절차에 의하지 아니한 채 압수하였다고 하더라도 (중략), 위와 같이 채취된 지문은 위법하게 압수한 지문채취 대상물로부터 획득한 2차적 증거에 해당하지 아니함이 분명하여, 이를 가리켜 위법수집증거라고 할 수 없으므로, 원심이 이를 증거로 채택한 것이 위법하다고 할 수 없다(2008도7471)."
｢통신비밀보호법｣상 통신사실확인자료 제공요청의 목적이 된 범죄와 관련된 범죄란 통신사실확인자료 제공요청허가서에 기재된 혐의사실과 객관적 관련성이 있고 자료제공 요청대상자와 피의자 사이에 인적 관련성이 있는 범죄를 의미한다.,O,"통신비밀보호법은 통신제한조치의 집행으로 인하여 취득된 전기통신의 내용은 통신제한조치의 목적이 된 범죄나 이와 관련되는 범죄를 수사·소추하거나 그 범죄를 예방하기 위한 경우 등에 한정하여 사용할 수 있도록 규정하고(제12조 제1호), 통신사실확인자료의 사용제한에 관하여 이 규정을 준용하도록 하고 있다(제13조의5). 따라서 통신사실확인자료 제공요청에 의하여 취득한 통화내역 등 통신사실확인자료를 범죄의 수사·소추를 위하여 사용하는 경우 대상 범죄는 통신사실확인자료 제공요청의 목적이 된 범죄 및 이와 관련된 범죄에 한정되어야 한다. 여기서 통신사실확인자료 제공요청의 목적이 된 범죄와 관련된 범죄란 통신사실 확인자료제공요청 허가서에 기재한 혐의사실과 객관적 관련성이 있고 자료제공 요청대상자와 피의자 사이에 인적 관련성이 있는 범죄를 의미한다(2016도13489)."
‘우당탕’ 소리는 사람의 목소리가 아니라 사물에서 발생하는 음향이고 ‘악’ 소리도 사람의 목소리이기는 하나 그것만으로 상대방에게 의사를 전달하는 말이라고 보기는 어려워 특별한 사정이 없는 한 ｢통신비밀보호법｣에서 말하는 타인 간의 ‘대화’에 해당한다고 볼 수 없다.,O,
"수사기관은 통신기관 등에 통신제한조치허가서의 사본을 교부하고 집행을 위탁할 수 있지만, 위탁을 받은 통신기관 등이 허가서에 기재된 집행방법 등을 준수하지 아니한 채 취득한 전기통신의 내용 등은 유죄 인정의 증거로 할 수 없다.",O,"수사기관으로부터 통신제한조치의 집행을 위탁받은 통신기관 등이 집행에 필요한 설비가 없을 때에는 수사기관에 설비의 제공을 요청하여야 하고, 그러한 요청 없이 통신제한조치허가서에 기재된 사항을 준수하지 아니한 채 통신제한조치를 집행하였다면, 그러한 집행으로 취득한 전기통신의 내용 등은 헌법과 통신비밀보호법이 국민의 기본권인 통신의 비밀을 보장하기 위해 마련한 적법한 절차를 따르지 아니하고 수집한 증거에 해당하므로(형사소송법 제308조의2), 이는 유죄 인정의 증거로 할 수 없다(2016도8137)."
수사기관이 피고인의 마약류관리에관한법률위반(향정)죄의 추가적인 증거를 확보할 목적으로 필로폰 투약혐의로 구속수감 중인 공소외인에게 그의 압수된 휴대전화를 제공하여 그로 하여금 피고인과 통화하고 피고인의 이 사건 공소사실 범행에 관한 통화 내용을 녹음하게 한 경우 그 녹음파일은 ‘타인 간의 대화’라고 할 수 없으므로 증거능력이 있다.,X,"전기통신의 감청은 제3자가 전기통신의 당사자인 송신인과 수신인의 동의를 받지 아니하고 전기통신 내용을 녹음하는 등의 행위를 하는 것만을 말한다고 풀이함이 상당하다고 할 것이므로, 전기통신에 해당하는 전화통화 당사자의 일방이 상대방 모르게 통화 내용을 녹음하는 것은 여기의 감청에 해당하지 아니하지만, 제3자의 경우는 설령 전화통화 당사자 일방의 동의를 받고 그 통화 내용을 녹음하였다 하더라도 그 상대방의 동의가 없었던 이상, 이는 여기의 감청에 해당하여 법 제3조 제1항 위반이 되고(대법원 2002. 10. 8. 선고 2002도123 판결 참조), 이와 같이 법 제3조 제1항에 위반한 불법감청에 의하여 녹음된 전화통화의 내용은 법 제4조에 의하여 증거능력이 없다(대법원 2001. 10. 9. 선고 2001도3106 판결 등 참조). 그리고 사생활 및 통신의 불가침을 국민의 기본권의 하나로 선언하고 있는 헌법규정과 통신비밀의 보호와 통신의 자유 신장을 목적으로 제정된 통신비밀보호법의 취지에 비추어 볼 때 피고인이나 변호인이 이를 증거로 함에 동의하였다고 하더라도 달리 볼 것은 아니다(대법원 2009. 12. 24. 선고 2009도11401 판결 참조).
 수사기관이 甲으로부터 피고인의 마약류관리에 관한 법률 위반(향정) 범행에 대한 진술을 듣고 추가적인 증거를 확보할 목적으로, 구속수감되어 있던 甲에게 그의 압수된 휴대전화를 제공하여 피고인과 통화하고 위 범행에 관한 통화 내용을 녹음하게 한 행위는 불법감청에 해당하므로, 그 녹음 자체는 물론 이를 근거로 작성된 녹취록 첨부 수사보고는 피고인의 증거동의에 상관없이 그 증거능력이 없다고 한 사례(2010도9016)."
｢통신비밀보호법｣상 감청은 전기통신이 이루어지고 있는 상황에서 실시간으로 그 전기통신의 내용을 지득·채록하는 경우와 통신의 송·수신을 직접적으로 방해하는 경우를 의미하는 것이지 이미 수신이 완료된 전기통신에 관하여 남아 있는 기록이나 내용을 열어보는 등의 행위는 포함하지 않는다.,O,
"<甲은 A와 재혼하여 함께 생활하다가 A가 외도를 하는 것을 목격하고 A를 살해하기로 마음먹었다. 甲은 전처 소생의 아들 乙에게 자신의 재산 중 일부를 증여하기로 약속하고 A를 살해할 것을 부탁하였다. [㉠ 이를 승낙한 乙은 A를 살해하기 위하여 일정량 이상을 먹으면 사람이 죽을 수도 있는 초우뿌리를 달인 물을 마시게 하였으나 A가 이를 토해버려 사망하지 않았다.] [㉡ 그러자 甲은 乙에게 칼을 주며 “이번에는 A를 반드시 죽여 달라”라고 당부하였다. 이에 乙은 甲의 당부대로 A의 집으로 향하였으나, 갑자기 마음이 바뀐 甲은 乙이 실행의 착수에 이르기 전 전화로 “그만 두자”라고 乙을 만류하였다. 그러나 乙은 A를 칼로 찔러 살해하였다.] 옷에 피가 묻은 채로 범행현장을 떠나려던 乙은 마침 지나가던 사법경찰관에 의해 현행범으로 체포되었고 乙은 그 현장에서 자신은 단지 시키는 대로 했을 뿐이라며 자발적으로 휴대전화를 임의제출하였다. 이에 사법경찰관은 ｢형사소송법｣ 제218조에 따라 휴대전화를 압수한 후 경찰서에서 乙의 휴대전화의 정보를 탐색하여 甲이 범행에 가담한 사실을 알고 甲을 긴급체포하였다.>
 ㉠의 사실관계에서 乙이 A를 살해하기 위해 초우뿌리를 달인 물을 마시게 하였으나 A가 이를 토해버려 사망하지 않아 乙에게 살인미수죄가 성립한다.",O,
"<甲은 A와 재혼하여 함께 생활하다가 A가 외도를 하는 것을 목격하고 A를 살해하기로 마음먹었다. 甲은 전처 소생의 아들 乙에게 자신의 재산 중 일부를 증여하기로 약속하고 A를 살해할 것을 부탁하였다. [㉠ 이를 승낙한 乙은 A를 살해하기 위하여 일정량 이상을 먹으면 사람이 죽을 수도 있는 초우뿌리를 달인 물을 마시게 하였으나 A가 이를 토해버려 사망하지 않았다.] [㉡ 그러자 甲은 乙에게 칼을 주며 “이번에는 A를 반드시 죽여 달라”라고 당부하였다. 이에 乙은 甲의 당부대로 A의 집으로 향하였으나, 갑자기 마음이 바뀐 甲은 乙이 실행의 착수에 이르기 전 전화로 “그만 두자”라고 乙을 만류하였다. 그러나 乙은 A를 칼로 찔러 살해하였다.] 옷에 피가 묻은 채로 범행현장을 떠나려던 乙은 마침 지나가던 사법경찰관에 의해 현행범으로 체포되었고 乙은 그 현장에서 자신은 단지 시키는 대로 했을 뿐이라며 자발적으로 휴대전화를 임의제출하였다. 이에 사법경찰관은 ｢형사소송법｣ 제218조에 따라 휴대전화를 압수한 후 경찰서에서 乙의 휴대전화의 정보를 탐색하여 甲이 범행에 가담한 사실을 알고 甲을 긴급체포하였다.>
 ㉡의 사실관계에서 법정적부합설에 따를 경우, 만일 乙이 A의 집 앞에서 기다리고 있다가 B를 A로 착각하여 칼로 찔러 살해했다면 乙에게는 A에 대한 살인미수죄와 B에 대한 과실치사죄가 성립하고 양 죄는 상상적 경합 관계이다.",X,B에 대한 살인기수범이 성립한다.
"<甲은 A와 재혼하여 함께 생활하다가 A가 외도를 하는 것을 목격하고 A를 살해하기로 마음먹었다. 甲은 전처 소생의 아들 乙에게 자신의 재산 중 일부를 증여하기로 약속하고 A를 살해할 것을 부탁하였다. [㉠ 이를 승낙한 乙은 A를 살해하기 위하여 일정량 이상을 먹으면 사람이 죽을 수도 있는 초우뿌리를 달인 물을 마시게 하였으나 A가 이를 토해버려 사망하지 않았다.] [㉡ 그러자 甲은 乙에게 칼을 주며 “이번에는 A를 반드시 죽여 달라”라고 당부하였다. 이에 乙은 甲의 당부대로 A의 집으로 향하였으나, 갑자기 마음이 바뀐 甲은 乙이 실행의 착수에 이르기 전 전화로 “그만 두자”라고 乙을 만류하였다. 그러나 乙은 A를 칼로 찔러 살해하였다.] 옷에 피가 묻은 채로 범행현장을 떠나려던 乙은 마침 지나가던 사법경찰관에 의해 현행범으로 체포되었고 乙은 그 현장에서 자신은 단지 시키는 대로 했을 뿐이라며 자발적으로 휴대전화를 임의제출하였다. 이에 사법경찰관은 ｢형사소송법｣ 제218조에 따라 휴대전화를 압수한 후 경찰서에서 乙의 휴대전화의 정보를 탐색하여 甲이 범행에 가담한 사실을 알고 甲을 긴급체포하였다.>
 ㉡의 사실관계에서 甲은 乙에게 A를 살해할 것을 교사한 후 乙이 실행의 착수에 이르기 전에 범행을 만류하였으므로, 살인교사의 죄책을 지지 않는다.",X,
"<甲은 A와 재혼하여 함께 생활하다가 A가 외도를 하는 것을 목격하고 A를 살해하기로 마음먹었다. 甲은 전처 소생의 아들 乙에게 자신의 재산 중 일부를 증여하기로 약속하고 A를 살해할 것을 부탁하였다. [㉠ 이를 승낙한 乙은 A를 살해하기 위하여 일정량 이상을 먹으면 사람이 죽을 수도 있는 초우뿌리를 달인 물을 마시게 하였으나 A가 이를 토해버려 사망하지 않았다.] [㉡ 그러자 甲은 乙에게 칼을 주며 “이번에는 A를 반드시 죽여 달라”라고 당부하였다. 이에 乙은 甲의 당부대로 A의 집으로 향하였으나, 갑자기 마음이 바뀐 甲은 乙이 실행의 착수에 이르기 전 전화로 “그만 두자”라고 乙을 만류하였다. 그러나 乙은 A를 칼로 찔러 살해하였다.] 옷에 피가 묻은 채로 범행현장을 떠나려던 乙은 마침 지나가던 사법경찰관에 의해 현행범으로 체포되었고 乙은 그 현장에서 자신은 단지 시키는 대로 했을 뿐이라며 자발적으로 휴대전화를 임의제출하였다. 이에 사법경찰관은 ｢형사소송법｣ 제218조에 따라 휴대전화를 압수한 후 경찰서에서 乙의 휴대전화의 정보를 탐색하여 甲이 범행에 가담한 사실을 알고 甲을 긴급체포하였다.>
 사법경찰관이 乙을 현행범으로 체포하는 현장에서 乙로부터 휴대전화를 임의제출받아 적법하게 압수하였다고 하더라도 그 압수를 계속할 필요가 있는 때에는 지체 없이 압수·수색영장을 신청해야 한다.",X,
"<甲은 A와 재혼하여 함께 생활하다가 A가 외도를 하는 것을 목격하고 A를 살해하기로 마음먹었다. 甲은 전처 소생의 아들 乙에게 자신의 재산 중 일부를 증여하기로 약속하고 A를 살해할 것을 부탁하였다. [㉠ 이를 승낙한 乙은 A를 살해하기 위하여 일정량 이상을 먹으면 사람이 죽을 수도 있는 초우뿌리를 달인 물을 마시게 하였으나 A가 이를 토해버려 사망하지 않았다.] [㉡ 그러자 甲은 乙에게 칼을 주며 “이번에는 A를 반드시 죽여 달라”라고 당부하였다. 이에 乙은 甲의 당부대로 A의 집으로 향하였으나, 갑자기 마음이 바뀐 甲은 乙이 실행의 착수에 이르기 전 전화로 “그만 두자”라고 乙을 만류하였다. 그러나 乙은 A를 칼로 찔러 살해하였다.] 옷에 피가 묻은 채로 범행현장을 떠나려던 乙은 마침 지나가던 사법경찰관에 의해 현행범으로 체포되었고 乙은 그 현장에서 자신은 단지 시키는 대로 했을 뿐이라며 자발적으로 휴대전화를 임의제출하였다. 이에 사법경찰관은 ｢형사소송법｣ 제218조에 따라 휴대전화를 압수한 후 경찰서에서 乙의 휴대전화의 정보를 탐색하여 甲이 범행에 가담한 사실을 알고 甲을 긴급체포하였다.>
 乙로부터 휴대전화를 임의제출받은 이상 사법경찰관이 경찰서에서 휴대전화의 정보를 탐색함에 있어서는 乙 또는 그의 변호인의 참여를 요하지 아니한다.",X,